receipent,"hash gas used","total gas used"
0x0c4d7dbD8E316353348a60B36008d4e471F8706F,36,52156
0x0cB92fEfae1806ed3047E3EB8F36bC963AC48637,36,144669
0x29E7177837652ca00f05fbD2e8aA867d207B2EF8,36,93183
0x4d97032d49d74Ec7c63aBAEbB0cC4f2fB12307F0,36,93195
0x53C64d7c9a28911203Ba4BE2a6cA58254184920a,36,93195
0x693A0F8854F458D282DE3C5b69E8eE5EEE8aA949,36,93183
0x6c923E37b457933F0D857512B916eDD0b59C009d,36,93183
0x6d4bbdea1568c56960eF0963E87630588Ad159F0,36,37801
0x7825A1D146F96C434fDd9621c6192f11b1Aad748,36,93171
0x8d4D090C96c11fa023A99283912dD7663da53fa8,36,93195
0x9E6204F750cD866b299594e2aC9eA824E2e5f95c,36,93207
0xAEFa7AcC69CAc4E919B2bc7dce6B0703a1ab43c5,36,93195
0xa426A052f657AEEefc298b3B5c35a470e4739d69,36,93195
0xb9c4EA7171b588e8D4c3F63e955Cd61e5172bb92,36,93183
0xdbf381984c4515Fe3285D3C55fDfb3054C52c261,36,93183
0xdd80E05004f40815EaEf12ffeE69c2a8A5112aA5,36,93138
0xeFa1526e256D51c54a7119d81C653b4003330dE8,36,93195
0xffB004874CbBF8692B5f397B602f4B8a630aeD59,36,86850
0x0E10307dF6F69298642b462A7C42fEd19828298C,42,37525
0x13F01828cfEfC10eD512fd08F51628fE3b44dbC7,42,360376
0x1d4214081985ad20aa3cA93A2206aE792635cBec,42,24027
0x2DC7DB56ca16ee37E18C2Ca7CC5aaa1Ba888b5E4,42,48099
0x306D948f23B2A8472e4953DB2D2dc72C8B6dF0eb,42,859313
0x3100f64feE0A0Aee9FAaa518f3DF20fA620f4ea3,42,25046
0x7DdB2d76b80B0AA19bDEa48EB1301182F4CeefbC,42,46650
0x8762db106B2c2A0bccB3A80d1Ed41273552616E8,42,26545
0x88dF825e83f6ED8be19209AC52B8E67CfF00D447,42,32225
0x89B2249D7fBb30765d94C163929cd04b5Afa77E3,42,45969
0xB2889Dfc2b06323cCE8E6F3522d193105dF22c1f,42,46107
0xC3AA9bc72Bd623168860a1e5c6a4530d3D80456c,42,26718
0xC7AC64b37f93B90aa3A7809d35D8771de18Ab71e,42,40502
0xb584D4bE1A5470CA1a8778E9B86c81e165204599,42,28694
0xbe27770b0263133B9D3A1D4c7C2760007B94e37f,42,57710
0xdA5e1988097297dCdc1f90D4dFE7909e847CBeF6,42,31569
0xc42F75A3379FCd74047FeD93eDdB406A26268A56,48,429962
0x0341bb689CB8a4c16c61307F4BdA254E1bFD525e,72,186378
0x1145E7848c8B64c6cab86Fd6D378733385c5C3Ba,72,173724
0x1A9aE6486caEc0504657351ac473B3dF8A1367cb,72,186378
0x4ccAAF69F41c5810cA875183648B577CaCf1F67E,72,186378
0x6Ef8c69CfE4635d866e3E02732068022c06e724D,72,186390
0x826D1B0D4111Ad9146Eb8941D7Ca2B6a44215c76,72,178114
0x8576D7e89787c505d48Ef288BE98038aaa7c6f22,72,186378
0x909E51211e959339EFb14b36f5A50955a8ae3770,72,173700
0xE6f24d2C32B3109B18ed33cF08eFb490b1e09C10,72,173722
0xa669A743b065828682eE16109273F5CFeF5e676d,72,186390
0xb7850CFa577332EB839840e1411962AC3Dd2f183,72,186390
0x3D8E699Db14d7781557fE94ad99d93Be180A6594,78,176165
0xBc10f2E862ED4502144c7d632a3459F49DFCDB5e,78,52186
0x00000000000007C8612bA63Df8DdEfD9E6077c97,84,46402
0x0000000000ca73A6df4C58b84C5B4b847FE8Ff39,84,46228
0x0000e3705d8735ee724a76F3440c0a7ea721eD00,84,47128
0x004375Dff511095CC5A197A54140a24eFEF3A416,84,46386
0x004E9C3EF86bc1ca1f0bB5C7662861Ee93350568,84,53743
0x00Dac9D8EF25b3D576be51523ea84307aeF5b4a6,84,46386
0x0100546F2cD4C9D97f798fFC9755E47865FF7Ee6,84,46366
0x015628Ce9150Db1bCE2FBb717A09E846F8a32436,84,46547
0x018DD3A0Dd7F213cc822076b3800816d3CE1ED86,84,46279
0x0205772BC5BB779C0A947686fBA99c7DDC3f45ac,84,46577
0x02a97Fd243B8301BCd6bA3a87693162d6bD130BD,84,47239
0x0305f515fa978cf87226cf8A9776D25bcfb2Cc0B,84,46874
0x030bA81f1c18d280636F32af80b9AAd02Cf0854e,84,51356
0x03699F24C1A96D91c261f3F6574e8AEbA6Bc3753,84,46547
0x038a68FF68c393373eC894015816e33Ad41BD564,84,46423
0x03ab458634910AaD20eF5f1C8ee96F1D6ac54919,84,46020
0x0456Bb7C0Ee493753A51d5046BD1000144A41693,84,46365
0x047043fddA83753776c1e1158c641fc0A2ED821b,84,49266
0x0483c7A65d3F82D428444b8e35D394c042E26Cd9,84,47071
0x0495F34E72189F8a77Ad47B2f747Ea0EcaFd313D,84,46625
0x04C293144ACc45a19Da9c2817C08d1352e5Be70e,84,46281
0x051915aDf0194108b75be54F3a44712aC10F759A,84,46517
0x05a89897A9d7F8A8C1f321e61e97ce239500fa70,84,46275
0x05f4a42e251f2d52b8ed15E9FEdAacFcEF1FAD27,84,48318
0x069e4Aa272d17D9625aa3B6F863C7EF6CfB96713,84,46277
0x06b1bc76676EB7A83fE2D76bAA3D78cD455988F5,84,47128
0x070E984fda37DD942f5c953F6b2375339aDAc308,84,46623
0x0737b41d58d5f079C99c06fD9B0392830969E7A3,84,47010
0x07DDaCf367f0d40bd68B4b80b4709A37BDC9F847,84,46384
0x081131434f93063751813C619Ecca9C4dC7862a3,84,46446
0x082646B22A3960DA69eF7A778c16dd6fb85Dd999,84,47150
0x085780639CC2cACd35E474e71f4d000e2405d8f6,84,53894
0x089453742936dd35134383aee9d78bEe63A69b01,84,46261
0x08c32b0726C5684024ea6e141C50aDe9690bBdcc,84,49522
0x08f5F0126aF89B4fD5499E942891D904A027624B,84,53565
0x09247B131707a649D7834C94084FC57E20fd8c49,84,46517
0x09675e24CA1EB06023451AC8088EcA1040F47585,84,46603
0x096a6D410eA23f3c3F0162DDd772900fF82C4A20,84,46957
0x09D4214C03D01F49544C0448DBE3A27f768F2b34,84,46302
0x09E0dF4aE51111CA27d6B85708CFB3f1F7cAE982,84,46088
0x0B22fE0a2995C5389AC093400e52471DCa8BB48a,84,46157
0x0B452278223D3954F4AC050949D7998e373e7E43,84,46395
0x0B49707fb9706428D1bb51a2906617AEaba82346,84,51551
0x0C65Ca9650664bbbbf22C4e066505f61BAbEDF5D,84,46542
0x0C7AE6CC0Cedfd430790a8D0837e452Eb22A7acF,84,46921
0x0D248Ce39E26FB00F911FB1e7a45A00d8C94341c,84,47005
0x0E99ddfFA83d893B262F64931CCfeb91599FBc1e,84,55942
0x0F95B32343FFe4a8B8176E7fced68EA26dE76aef,84,37798
0x0FE13FfE64B28a172c58505e24c0c111d149BD47,84,46517
0x0a18f1c2E10f9A0aF2328652bCD2eCE0207664B2,84,48967
0x0b3E00da428aC129a2A243Dc7D21cde6ab6444D2,84,35580
0x0c572544a4Ee47904d54aaA6A970AF96B6f00E1b,84,47261
0x0c582EA5737AA66FeC20BE123C4457150F556F1d,84,46326
0x0cA0AaDC4e8A51acAa3E750e26483f6fcA23C14F,84,46303
0x0cC7ddB867D89A9a56e56509d4d7d676968F535C,84,46386
0x0d31DF7dedd78649A14aAe62D99CcB23aBCC3A5A,84,47223
0x0d7E906BD9cAFa154b048cFa766Cc1E54E39AF9B,84,84830
0x0d83A6Eb9CDB74449aD2263CFEE1697b2D03A8B5,84,46573
0x0d88eD6E74bbFD96B831231638b66C05571e824F,84,52113
0x0dA2082905583cEdFfFd4847879d0F1Cf3d25C36,84,47164
0x0e6a70cb485Ed3735Fa2136E0D4aDC4BF5456F93,84,46197
0x0ef7bA09C38624b8E9cc4985790a2f5dBFc1dC42,84,51898
0x0f71B8De197A1C84d31de0F1fA7926c365F052B3,84,46120
0x10064373e248Bc7253653cA05Df73CF226202956,84,46309
0x1032abe2902a23dDCbaB085C20E0e69c33cEB8fA,84,46946
0x10BC518c32fbAE5e38Ecb50A612160571bD81e44,84,36503
0x10E860FE9A0f9A2F72088fa46e8E5C4e45267671,84,46289
0x10dea67478c5F8C5E2D90e5E9B26dBe60c54d800,84,51215
0x1105D6e1cA3fB177A667b80eE82e78c7E7333526,84,46292
0x11115de0f435FE4c0207B493f308d80B857371F0,84,47210
0x11181bD3BAF5cE2A478E98361985d42625DE35D1,84,46074
0x12008b8784F39709FE4B757340DA5548918B9D57,84,46900
0x127E479Ac59A1EA76AfdEDf830fEcc2909aA4cAE,84,46127
0x12999e2E769262A80f0a46783437b7b4E94e0f24,84,46876
0x12A313991ABb4c5c5568282FdfA0bb2F1063297b,84,51130
0x12eF10A4fc6e1Ea44B4ca9508760fF51c647BB71,84,51577
0x140007c65535AA9C3801eA3bBd3F83C378C7F457,84,47188
0x14e0a1F310E2B7E321c91f58847e98b8C802f6eF,84,46175
0x1554F51F18F8E3fBe83E4442420E40Efc57ff446,84,46619
0x15F20f9DFDf96CCf6AC96653b7C0aBfe4A9C9f0f,84,46601
0x16631e53C20Fd2670027C6D53EfE2642929b285C,84,55938
0x16CDA4028e9E872a38AcB903176719299beAed87,84,24909
0x172700A7DbBf92EE1Db1474f956FD1078D2d0A00,84,46100
0x177C5A25b3b1e32E6E66FF4C243ce6f713D15ECe,84,48883
0x17A980a2843119aAEA2C84E623339369542eEe53,84,29366
0x17BBC9BD51A52aAf4d2CC6652630DaF4fdB358F7,84,46596
0x18231067554c776187761B64E77DE19CDb202D0F,84,54051
0x183368D767B299681fdF660233e39F9F8cF8BE3A,84,46128
0x1835283AC62164A6D002A503A78a0B7427D15c85,84,47071
0x188E817B02e635D482AE4D81e25DdA98A97C4a42,84,46122
0x18B9dB07cf194Aac853daAa076D421B1DD0c75b0,84,46222
0x18a8D75F70eAEad79B5A55903D036ce337F623A5,84,47201
0x19247618D79E3fc4d4866169789E4B8eEDef52E6,84,46268
0x19373EcBB4B8cC2253D70F2a246fa299303227Ba,84,47216
0x194A82529d308cA56646Ff1B4c1bd8d9f327cab9,84,73667
0x194e8D4366ECD1cD3497Cd2276cCBB6f3Be585d1,84,35628
0x196ead472583Bc1e9aF7A05F860D9857e1Bd3dCc,84,26279
0x19a82BA71EA0710a741fCb285ecAB4c8BAFB887a,84,46200
0x19bb64b80CbF61E61965B0E5c2560CC7364c6546,84,46162
0x1A4b46696b2bB4794Eb3D4c26f1c55F9170fa4C5,84,46278
0x1A92f7381B9F03921564a437210bB9396471050C,84,46197
0x1B41d54B3F8de13d58102c50D7431Fd6Aa1a2c48,84,46204
0x1C6f3805370c9f9ECF2c0313259AB99Eb736b62c,84,46577
0x1CB1A5e65610AEFF2551A50f76a87a7d3fB649C6,84,46111
0x1D3aDa5856B14D9dF178EA5Cab137d436dC55F1D,84,46612
0x1DB61FC42a843baD4D91A2D788789ea4055B8613,84,46174
0x1E2F15302B90EddE696593607b6bD444B64e8F02,84,46305
0x1E31888F43FCdd0818a604bC2699D733aC5f5d8e,84,46888
0x1F70300BCe8c2302780BD0a153ebb75B8CA7efCb,84,47128
0x1a11Ea9d61588D756D9f1014c3Cf0D226aEdd279,84,47192
0x1b40183EFB4Dd766f11bDa7A7c3AD8982e998421,84,24330
0x1ce270557C1f68Cfb577b856766310Bf8B47FD9C,84,46595
0x1df721D242E0783F8fCab4A9FfE4F35bdf329909,84,61551
0x1e52F7A450b08b1B249A4f4f54518fC5278C2285,84,46315
0x1f2Eb4440b8B3A4f7ceF742Ad731CA4f64c10278,84,47128
0x2025F14377A300b9bF70a09dcCD7aaFA8cB1D56b,84,46281
0x2077fC3599AC232143275a6e804AeB069a6d57b6,84,47011
0x209e639a0EC166Ac7a1A4bA41968fa967dB30221,84,46179
0x2127DABFa1E4523ffc0755E549C2eECa1C802f47,84,47128
0x21E783bcf445B515957A10E992aD3c8E9FF51288,84,46227
0x221657776846890989a759BA2973e427DfF5C9bB,84,46215
0x22De58DB17D8E4C933Ae9b76ce4480a74F2a66B0,84,58334
0x230EA9AEd5d08AfDb22Cd3c06c47cf24aD501301,84,46517
0x231055A0852D67C7107Ad0d0DFeab60278fE6AdC,84,50920
0x233dcCe6fD3900f2637B22b2fc8E0B1e0AF096cC,84,46577
0x2358693f4FaEC9D658bB97Fc9cd8885F62105dc1,84,51131
0x23fb2Ff63aB57665A4a8ec569fb2D64D29b3e38a,84,47127
0x243cACb4D5fF6814AD668C3e225246efA886AD5a,84,46239
0x247E3866F743CcE280433b865A669c9361421ecc,84,47261
0x24E89bDf2f65326b94E36978A7EDeAc63623DAFA,84,46311
0x24fcFC492C1393274B6bcd568ac9e225BEc93584,84,46257
0x25472Add6b803E9EAD70a5633d04763F4c5BdAD4,84,35616
0x25722Cd432d02895d9BE45f5dEB60fc479c8781E,84,46887
0x2589382740f0FCCA04945792688BdC210B524825,84,46769
0x258d7A3F50B03a9f75263733fc0c2a155Cf512b4,84,46572
0x260E069deAd76baAC587B5141bB606Ef8b9Bab6c,84,46098
0x261fce0Ad922bfDA890760EEe49042E43Bbe2c82,84,45949
0x26b17fC034b82A20563dbB02EC9E78B1D65d7a58,84,47156
0x270B7748CdF8243bFe68FaCE7230ef0fCE695389,84,46358
0x275f5Ad03be0Fa221B4C6649B8AeE09a42D9412A,84,46478
0x276dc1714bDB1beB869BAbC6e84c0b102E75bf32,84,45968
0x27B5739e22ad9033bcBf192059122d163b60349D,84,49026
0x2809a8737477A534DF65C4b4cAe43d0365E52035,84,51029
0x2893A91B29b80aB62dEfFFF6Eb135f32DDA8e1D3,84,46659
0x28Ae4A13De3055A557f900e2E5307Da4EA5761bB,84,47128
0x28e318B2063Ed3945f86f1ef13bdeb29923c9f02,84,24205
0x2931B181Ae9Dc8F8109eC41C42480933F411ef94,84,46482
0x29989769868a93923fE0e813f436dB68A3685067,84,51139
0x2A7528460C788C56857d0b5a6778cA4118A278ab,84,46626
0x2C5BC2Ba3614fD27FCc7022eA71d9172E2632c16,84,46316
0x2C71Ead7ac9AE53D05F8664e77031d4F9ebA064B,84,45971
0x2DC22E077D9F13cF538CA4dD668ed6C550746343,84,46543
0x2E3CFE45E3EE7C017277f22e35d2f29edC99d570,84,46500
0x2F141Ce366a2462f02cEA3D12CF93E4DCa49e4Fd,84,46139
0x2F3d0d2317802A65FAAC6e4cd94067c37B4d4804,84,47195
0x2a961D752eAa791CBfF05991e4613290Aec0D9AC,84,46205
0x2b95A1Dcc3D405535f9ed33c219ab38E8d7e0884,84,53522
0x2b9FD4D651414e51c9bA56aE1add36bb71cCa24B,84,51189
0x2bB72532241bBFc40614215D121EdA2dbC4C6266,84,47128
0x2baEcDf43734F22FD5c152DB08E3C27233F0c7d2,84,48429
0x2ce2BA5f34dF40EEA645B81Cc4b46B7797503645,84,46539
0x2d558eB5fe7F412c3cDccfd72B71082D9126D6dd,84,46924
0x2e175f748976cd5CDb98F12d1abC5D137d6C9379,84,53601
0x2e3fb0298a8DDe91860EE8D7b1b0a11D7a1101c0,84,46587
0x2e9AF8e737b9e13d38FDe096e558e338F334A6BA,84,46517
0x2fCea621FBa92c268FE16F17Ca6Bf37E70c7fA1A,84,47127
0x306fD3e7b169Aa4ee19412323e1a5995B8c1a1f4,84,46947
0x30751049DE5Ab202292cA027A6bf7e69A0924d15,84,46135
0x313408eb31939A9c33B40AFE28Dc378845D0992F,84,34194
0x31353A7d74908fD2f9E6e89D598f293f30f8b885,84,29225
0x31555696dD1242B2AB67B9a53b6465c814502F2C,84,46628
0x3155BA85D5F96b2d030a4966AF206230e46849cb,84,46158
0x319bcF115e35C18035BF1a405fE3c40c8B24533E,84,46921
0x328a268b191ef593B72498a9e8a481C086EB21be,84,46533
0x329fa32F6520FB67Bb3C1fc3a6909BEb8239544c,84,46322
0x32BB5a147b5371Fd901Aa4a72B7F82c58A87e36d,84,46116
0x32bd822d615A3658A68b6fDD30c2fcb2C996D678,84,53371
0x32f096F25e5d1aa828eA2131ef4b252685332E92,84,46563
0x335F4e66B9B61CEE5CeaDE4e727FCEC20156B2F0,84,47169
0x3367D02eCA5AA15D1dDbA270F3d0EffcdC3be7bb,84,51811
0x342D86cFBE9c8e34a6edD0eA8aB64Ab766348149,84,46193
0x34Be5b8C30eE4fDe069DC878989686aBE9884470,84,46520
0x34eEBEE6942d8Def3c125458D1a86e0A897fd6f9,84,51073
0x352180974C71f84a934953Cf49C4E538a6F9c997,84,46215
0x353d0B2EFB5B3a7987fB06D30Ad6160522d08426,84,46043
0x35485d89150457cE01098BCa4bd47d5daAd43f59,84,46151
0x354C8cDA7E3B737d360513A0Dc5ABcEE8Ee1cEA3,84,44539
0x35d624088d14C1C88Cb44441C3fA140210DB9354,84,51130
0x369733153E6E08d38F2BC72ae2432E855Cfbe221,84,46596
0x36C7188D64c44301272Db3293899507eabb8eD43,84,46541
0x36f4Ec0a7c46923C4f6508C404eE1C6fBe175e1C,84,46016
0x373DC7bE84FAdeBc2e879C98289fc662C6985946,84,45971
0x37fd496551B6f22b01dC79fF874b3573D25e1516,84,47128
0x383518188C0C6d7730D91b2c03a03C837814a899,84,46503
0x38547D918b9645F2D94336B6b61AEB08053E142c,84,46018
0x38e382F74dfb84608F3C1F10187f6bEf5951DE93,84,26205
0x3927FB89F34BbeE63351A6340558Eebf51A19FB8,84,46611
0x399Ef659FDeAD53B3E7f97E9491E727925667945,84,46422
0x3A40312A1C376aEcF855eF784371d1fb1AA2d25D,84,51061
0x3B1FbE997c2253cfFA975c066Fa3FeeC326337Dd,84,46663
0x3B37A9caF74ead14E521D46AF0bF00737d827828,84,46899
0x3B7d245485dEA7EC1De106078B9551Fb8dffC6fC,84,46353
0x3D1C949a761C11E4CC50c3aE6BdB0F24fD7A39DA,84,46576
0x3E368B6C95c6fEfB7A16dCc0D756389F3c658a06,84,70626
0x3E67ab0AF2Fe43078FF3B40276CC498Dc31Bc4bb,84,56507
0x3E9c3dc19efe4271d1a65fACFca55906045f7B08,84,24418
0x3F108362DC8256B52Ed2a278531BD31231192656,84,49206
0x3F57C35633cb29834Bb7577ba8052EaB90f52a02,84,46532
0x3F66aE0c8E9Fb57f661aF4Ba8C8445D36ec5d7F7,84,46342
0x3FBaBe48e137C9Ef4f8CB517A4762add7e6242Ae,84,47116
0x3a3A65aAb0dd2A17E3F1947bA16138cd37d08c04,84,46480
0x3bf2922f4520a8BA0c2eFC3D2a1539678DaD5e9D,84,46179
0x3c0BB14e8367c384885a97bAc6d5CcEab474ED75,84,47227
0x3cb0270c70068422465686CdeB00A01B02F2371d,84,46521
0x3d9582e7b031Dbe9AdEf96A368Faa1313D7E20FE,84,47199
0x3def33ec7BBdA557daf3995B2ECC5c87Ad9D07e7,84,46386
0x3e95371532cAc5e97a799b0861DFff0CeaB4e668,84,46828
0x3f3ED22bEbD34F54839285FEF2210B9cFd201398,84,46517
0x3fa55eB91bE2C5d72890da11A4C0269e7f786555,84,47151
0x406Cdb28615cfb44774819a43681e113565c247f,84,63169
0x40a7dF3dF8b56147B781353D379cB960120211D7,84,46679
0x419c4dB4B9e25d6Db2AD9691ccb832C8D9fDA05E,84,46088
0x4200452e6c01474df1e53C68601b22a003baD363,84,46569
0x420110D74c4c3ea14043A09E81FAD53e1932F54c,84,29882
0x42087653EA6c3469BE2E9c8a10A3EC9CE200cC53,84,46548
0x421694b4bfc773fCf9eb84fA181a20D0e5EE15F4,84,46912
0x4278A8944Cf63753b13E9f726BBC1192412988D8,84,26399
0x427A03Fb96D9A94A6727fbcfbBA143444090dd64,84,47216
0x4308135E3d92EeEA3235085a1Dd36b7293336938,84,46388
0x433ecCfD7b06cA413f60284F1A778c3de2f74E0a,84,47128
0x4380ba39F7E0BB58B6294e348DF8Fdb5c90E20E3,84,29439
0x438982Ea288763370946625fd76c2508eE1fB229,84,37810
0x438c6484CAfEfde28538fd69d5E43995BB95f25a,84,47071
0x44017598f2AF1bD733F9D87b5017b4E7c1B28DDE,84,53428
0x441167B8516F2D2757bfC66F3A059cF02DDff8eD,84,46277
0x44211682fdDB9B591D20b5Fc5a05BA5561224053,84,46521
0x445bd590A01fe6709d4f13A8F579c1e4846921db,84,47163
0x460718Dd3Ec316BB59810caC49120C4BA21570F7,84,46386
0x46E6b4A950Eb1AbBa159517DEA956Afd01ea9497,84,46019
0x46FC90961c10b9cDeB6D9F6c17A888D6497ffC58,84,47202
0x470003716682791BF2B0E1548aB0A1ffbAfB9556,84,47128
0x473F4068073Cd5b2aB0E4Cc8E146F9EDC6fb52CC,84,46367
0x4740735AA98Dc8aa232BD049f8F0210458E7fCa3,84,53743
0x488FB59d73669d5A1cDf0960214563756594C528,84,24766
0x48B3bf1eBf0EEB9c81eb749E579618475Ab7C96A,84,51070
0x48C276e8d03813224bb1e55F953adB6d02FD3E02,84,46964
0x48bE867B240D2fFafF69e0746130F2c027d8d3d2,84,46435
0x49218282042072e054AfDc90e552e832735F8316,84,46636
0x4947b72fED037AdE3365dA050A9be5c063E605A7,84,46289
0x4A8E52F90E0333e822CDDD8817A0903E235AEE8E,84,51086
0x4B7509FEDe06949E0A349F3287b6519b7dA0fBb9,84,46305
0x4C1b1302220D7DE5c22B495E78b72F2Dd2457d45,84,47188
0x4D7d2e237D64d1484660b55c0A4cC092fa5e6716,84,53554
0x4Ddc2D193948926D02f9B1fE9e1daa0718270ED5,84,46072
0x4E9623B7e5b6438542458f5EE828d65c24d3AF8c,84,47169
0x4EBB2384CC1e86F578E37f2057b336B9027cb95a,84,29681
0x4EC1b60B96193a64AcAe44778e51f7BfF2007831,84,46531
0x4F571fbE3d93E1Db066B71688Ea8730644B16aD4,84,46587
0x4a537F61ef574153664c0Dbc8c8F4B900cacBE5d,84,53492
0x4aF1Bc87e43dDb22188bb3791ae00341586fE8fc,84,61599
0x4ae57798AEF4aF99eD03818f83d2d8AcA89952c7,84,53327
0x4c601dc69AfFb0D4Fc8dE1Ac303705e432A4A27E,84,46227
0x4cFF01DBed00A5E95D705F96ACF369F210C203c8,84,46149
0x4e166e4a643026e652B7618A8c713F7833619e39,84,46281
0x4e76c23FE2a4E37B5E07b5625E17098bAaB86c18,84,46641
0x4f3A7a07A968B67F1f9692b70242f10E665d38Ad,84,46041
0x4f8Bb0D4256BFa4913eB7163DD5bE8b3A0f6B028,84,46566
0x500452eB1B95D1D2a282c08bC9E2E04C08B6C53b,84,46143
0x500F4Ac4B1cFae7De51799eCf5bD09649A8b05D3,84,28928
0x5015f716f329893862442A7DA4c5B08E54471782,84,47128
0x50739bd5b6afF093ba2371365727C48a420a060D,84,46563
0x50D59b785DF23728d9948804F8cA3543237A1495,84,37810
0x50e3731C33F6C126Bd099F326AB791241828e546,84,48840
0x50f56871b96eC2CF6375D62B1B3740fFeBCA09B8,84,56171
0x51DE1004FA3D7289486Ac8374E0B2Ea5289a8e04,84,46386
0x51bb4c8bb4901d6AA061282cd7Ed916eEc715a29,84,46038
0x520bd4d2226aa6AA8e0AD4Ff1cB056472CB88Cee,84,46657
0x52498F8d9791736f1D6398fE95ba3BD868114d10,84,52164
0x52B35406CB2FB5e0038EdEcFc129A152a1f74087,84,70758
0x5302A847E53c7b2ff4DaEa7559F82F02446BEE61,84,46192
0x535887989b9EdffB63b1Fd5C6b99a4d45443b49a,84,46193
0x542A415A3A761b38822C6D01888D8c58a72c9d39,84,47392
0x543dd7f82CE45CB92e0481C7B57D3F2A27181e86,84,46568
0x550775e17ed6767621A1aEd580e6EB29EdE981E9,84,46544
0x55a380d134d722006A5CE2d510562e1239D225B1,84,46628
0x55bD5f6A1Caea02c4f1eaE6119b2ac0babAb2C9F,84,47173
0x563149D4e83289E4592E6F7B54e806DB26702a97,84,92982
0x5683607A0bD06E0aCe67b531d32e6dc6807e8e68,84,48924
0x56978E609F2cab06F77c5C8Fd75166FcD8f09BD8,84,47262
0x5702A4487dA07c827cdE512e2d5969CB430cd839,84,37477
0x5713C26280647AdaD2f25bB54376943eCaA9d8e3,84,47150
0x57A1d3836380B7C10941504147302050CCaaD3de,84,46517
0x57c13E0B849dd89C3Edf30540FCdDfBB319e7ecd,84,47154
0x580a29FA60B86AaFF102743dE5Cba60Bb5f9de75,84,47078
0x587bFc5aD0D8737117bC3a5354BaD0f8c475BCDC,84,24287
0x5959e94661E1203e0c8Ef84095A7846bacc6A94F,84,47186
0x5972169d49654dda92af57D11D4362fa72c15B03,84,47332
0x5981E98440E41fa993B26912B080922b8Ed023c3,84,47210
0x59C1427c658E97a7d568541DaC780b2E5c8affb4,84,46222
0x59a529070fBb61e6D6c91f952CcB7f35c34Cf8Aa,84,46383
0x59fdd968AC508a2B3c4213E6f791dD2F522aF8A4,84,49262
0x5D56B6581D2e7e7574aDce2Dc593f499A53D7505,84,46595
0x5De758BbA013e58dAe2693aEA3f0B12B31a3023d,84,47310
0x5E4aAB148410DE1CB50cDCD5108e1260Cc36d266,84,46642
0x5Ea630e00D6eE438d3deA1556A110359ACdc10A9,84,46316
0x5F973ffD42499224b0a7a16DfFB3ABc25F04eF24,84,46511
0x5b7A317A300699531cA4673473b84b6a7cbBC294,84,46233
0x5c162Ec1c1679c67728d824deFC0b415a97539E5,84,46613
0x5cAf454Ba92e6F2c929DF14667Ee360eD9fD5b26,84,46446
0x5ca83216Fae72717332469E6A2eb28c4BF9AF9ec,84,46607
0x5f98805A4E8be255a32880FDeC7F6728C6568bA0,84,29031
0x5fA2E9Ba5757504B3d6e8f6da03cc40d4ce19499,84,46376
0x6010676Bc2534652aD1Ef5Fa8073DcF9AD7EBFBe,84,46007
0x6096b8765Eb48cd2193F840a977f3727e7800356,84,47169
0x60d95823F795F1972dBDbcd886955095E36E04Cd,84,46547
0x614D7f40701132E25fe6fc17801Fbd34212d2Eda,84,46323
0x615987d46003CC37387dBe544FF4F16FA1200077,84,46517
0x619817c38E064E0825703B22043EFF7C512836d1,84,45949
0x62B6d83d5aFBf395ece55136E7161c119a8FD80C,84,47116
0x62Ec0B3D5Cfd383711aCF370b74059e3cB035fcd,84,46568
0x6339e5E072086621540D0362C4e3Cea0d643E114,84,29077
0x6499999951f0B5ba8B9187958884F9F5b50e45Fd,84,47160
0x64D91f12Ece7362F91A6f8E7940Cd55F05060b92,84,46562
0x65C9A641afCEB9C0E6034e558A319488FA0FA3be,84,53631
0x65Ee1361596439664059D1a5EF44014D08c95693,84,46899
0x661B92926E94d170C8AC593ab09033c47120287D,84,51053
0x669c01CAF0eDcaD7c2b8Dc771474aD937A7CA4AF,84,24958
0x6739d7BC0343b85218ab99B988De87D4a08fF541,84,46517
0x677ddbd918637E5F2c79e164D402454dE7dA8619,84,46938
0x6811f2f20c42f42656A3c8623aD5e9461b83f719,84,46233
0x68571804E8Fa9e915ABC9b1A9Ef614D0d7A141da,84,46205
0x69000e11c86b4F61dBeFd7DBcffD1C53fCD506e4,84,47128
0x6900F7B42fb4abb615c938DB6a26d73a9AFbed69,84,46566
0x6942032C871F5D46aA475F1D130c87603255ca40,84,46505
0x694206a079c0Fdf8E52E00A0666ba8Def2DFcD61,84,46577
0x69420Dbd873DEdb25C86124cf6Bfce5C932e46b9,84,46517
0x69457A1C9Ec492419344DA01Daf0DF0e0369d5D0,84,46170
0x69999EE55Cc77a345529D9F66DD9539A5fF81652,84,46505
0x69B9C98e8D715C25B330d0D4eB07e68CbB7F6CFC,84,46105
0x69C145eCC60F6A9a664F88850A2A1ab3131D1312,84,35616
0x69babE9811CC86dCfC3B8f9a14de6470Dd18EDA4,84,46205
0x6A6AA13393B7d1100c00a57c76c39e8B6C835041,84,46589
0x6A7eFF1e2c355AD6eb91BEbB5ded49257F3FED98,84,47173
0x6A82872743217A0988E4d72975D74432CfDeF9D7,84,46192
0x6B89B97169a797d94F057F4a0B01E2cA303155e4,84,47223
0x6Bba316c48b49BD1eAc44573c5c871ff02958469,84,47261
0x6C8b0Dee9E90EA9F790DA5DaF6f5B20D23B39689,84,46386
0x6CE54ed35831919Af194C084f740BE3836552c1B,84,46527
0x6D3759dAe04eCc07916E939B7c631363f08Ba4EB,84,47188
0x6D614686550B9E1c1DF4b2cD8f91C9D4df66C810,84,46930
0x6DC02164d75651758aC74435806093E421b64605,84,46385
0x6E398Fd37a69a417287cDBb1B0CfA41B63E03762,84,31060
0x6E3bc168F6260Ff54257aE4B56449eFd7aFd5934,84,46211
0x6E438907ea4477DAD39DB85dCc0443D306965A4A,84,41875
0x6E8a9C94Aff3B0c6911E5e77b5BF4E0E0aBd6203,84,47128
0x6EFb32bc7893b793603E39643D86594CE3638157,84,46570
0x6Ecfa38FeE8a5277B91eFdA204c235814F0122E8,84,55964
0x6F6382F241E3C6ee0e9Bee2390d91A73aDc0aFFf,84,46280
0x6FF2241756549B5816A177659E766EAf14B34429,84,46932
0x6a46d9f27A1710e739FCb98f6EeDaF694115C95c,84,47152
0x6bd07C8691651A31c2d56532E4E5C0f46E1D80e8,84,46009
0x6c0F9679dE42ca516e0AAeB3A661d3aCc1fc04A8,84,46113
0x6c3F90f043a72FA612cbac8115EE7e52BDe6E490,84,46314
0x6c78661c00D797C9c7fCBE4BCacbD9612A61C07f,84,46044
0x6e5e9AfB201A2D8d46Fa518AE598C629c5B970A3,84,46512
0x6e9937554245d3C7C130326b1398A16fb6B149fB,84,46577
0x6f259637dcD74C767781E37Bc6133cd6A68aa161,84,46328
0x6f34d2aEC4f840305c6eB948F305530ddc9FC32B,84,24657
0x6fA5E1c43b5a466CBD1CAe7993B67C982400d481,84,24256
0x7022FE5fEDBd54b40FdC52Be30c1c578fb55C2bf,84,46559
0x705BfBcFCCde554E11DF213Bf6d463Ea00Dd57Cc,84,50089
0x70624Df0Bac10bAF0A44Da6430C79e13231294D6,84,46211
0x7076De6fF1d91e00Be7E92458089C833De99E22E,84,46838
0x70789e18A75611A9516d6251D650D096740a9e07,84,46248
0x70F8fAE5cB397b17eBbc9E382B234865Eb5c7Dc3,84,46386
0x71297312753EA7A2570a5a3278eD70D9a75F4f44,84,46284
0x713eb1edFc8c4C2c0aCe411f29A774A6dBf6bC33,84,47209
0x7163436b8EfFfB469F6BB81cc908b1661d4795e6,84,24939
0x71c3CB2f97B65cf2Eb7DdbD3831D7f28513a86FF,84,60287
0x72B886d09C117654aB7dA13A14d603001dE0B777,84,48858
0x72b3B26848a30D3D76e5B67959a365B6aD388c49,84,46259
0x72bf2Ee75ee71e0739e727cE46BBA4DeB462fF6D,84,49524
0x72e364F2ABdC788b7E918bc238B21f109Cd634D7,84,46702
0x732bc93b38d327347A1DCD424d1d0c831CC54602,84,46218
0x73624d2dEF952C77a1f3B5AD995eef53E49639EC,84,46706
0x736ECc5237B31eDec6f1aB9a396FaE2416b1d96E,84,46291
0x73A0F0315415E081D3CDEf1B775bE70656FFd803,84,47128
0x744Dcf98AD7ce4AB70A12A48287193A621eB4A83,84,46239
0x7453F1E591D185dA7748E637107cBb2Cd5a3a6d3,84,47128
0x746BA71C33856D2189587930933A73344CF4BD89,84,47128
0x747E550a7B848acE786C3CFe754Aa78feBC8A022,84,47249
0x748509433eF209C4d11adA51347D5724A5da0CA5,84,46517
0x749f5Ddf5Ab4c1F26f74560A78300563C34B417d,84,25089
0x74EE68a33f6c9f113e22B3B77418B75f85d07D22,84,46236
0x7561C5CCfe41A26B33944B58C70D6a3CB63E881c,84,46007
0x761A3557184cbC07b7493da0661c41177b2f97fA,84,29249
0x7621bB5703D293B9b0F276125B222474D2295776,84,46394
0x7694D833617B4DCF5b9B3C6a9aC6a6b17C0c4456,84,46540
0x76B48e2775114296DaEF4A4Dc856Ee311079fE3d,84,46221
0x77654e7E579b3C817a3672C1c66c050058b92B85,84,46728
0x78132543D8E20D2417d8a07D9ae199D458A0D581,84,46239
0x7865af71cf0b288b4E7F654f4F7851EB46a2B7F8,84,46133
0x787c91CDF6caAd12e153A6d806735b563Adb3404,84,46539
0x7903BFBc9758797138037E6b4a78b07Be801ff6a,84,49262
0x790B2cF29Ed4F310bf7641f013C65D4560d28371,84,51589
0x7A0a53847776f7e94Cc35742971aCb2217b0Db81,84,75432
0x7B4B7e83B6674026958cAE26bDc6EE743023Df1b,84,47309
0x7Bd29408f11D2bFC23c34f18275bBf23bB716Bc7,84,46160
0x7C5A0CE9267ED19B22F8cae653F198e3E8daf098,84,48464
0x7CA5af5bA3472AF6049F63c1AbC324475D44EFC1,84,46798
0x7D8820FA92EB1584636f4F5b8515B5476B75171a,84,46098
0x7EA3Cca10668B8346aeC0bf1844A49e995527c8B,84,46360
0x7a5ce6abD131EA6B148a022CB76fc180ae3315A6,84,46506
0x7aB2F10CaC6E27971fa93A5D5470Bb84126Bb734,84,51041
0x7b4dfd81Ed659a7c90Da07ec02275E5235DB3c01,84,46543
0x7b66E84Be78772a3afAF5ba8c1993a1B5D05F9C2,84,48992
0x7d4A7be025652995364E0E232063abd9e8d65e6E,84,46345
0x7d5121505149065b562C789A0145eD750e6E8cdD,84,46345
0x7f29b85834d6A2ba4BB1c64325686C6057B1B3C5,84,46229
0x7f3141c4D6b047fb930991b450f1eD996a51CB26,84,46299
0x7fa162d3d44fE8d30E344cc000493Da7CB6C6fbB,84,46175
0x7fda36c8daEDcc55B73E964c2831D6161eF60a75,84,46157
0x8004c2935Cbf88A318C0CF3a2f6458361D2F7015,84,46601
0x80416304142Fa37929f8A4Eee83eE7D2dAc12D7c,84,46145
0x80D55c03180349Fff4a229102F62328220A96444,84,46928
0x80faA45d6F6CbDAFDeBA2f9C4A0237f74e5D8D9C,84,24532
0x81345761670fc8b90665466A94C196E26b92EcFB,84,46591
0x81f8f0bb1cB2A06649E51913A151F0E7Ef6FA321,84,46940
0x82235445a7f634279E33702cc004B0FDb002fDa7,84,24854
0x826dCbdac81a892428aA2bc5ECDD8cB6Cd402F01,84,47188
0x833Ba7ed3d18B5EC72E2A2E3E7e279Fc466D628b,84,46110
0x83B070E842ADbA2397113C4bCa70c00D7df00729,84,46164
0x840B20fA3D48Ac709fD841fcd878c3E8aaBd7087,84,47310
0x846C66cf71C43f80403B51fE3906B3599D63336f,84,46314
0x85f138bfEE4ef8e540890CFb48F620571d67Eda3,84,61827
0x864cb5194722d5a1596F4BE8B899916d30daD8d8,84,47020
0x8659Fc767cad6005de79AF65dAfE4249C57927AF,84,46269
0x8686525d6627A25C68De82c228448f43c97999F2,84,24370
0x880eeEA0637f91Bb259dFD7BB261638A42bDdB25,84,46931
0x881d4C8618D68872fA404518B2460eA839A02a6a,84,46552
0x88417754Ff7062c10F4E3A4AB7E9F9D9cbDa6023,84,46613
0x8888888888888e0Ff220b240499E30430458E568,84,47228
0x88888A191BDFDB4783EC509fD11B098007e2357F,84,47116
0x88A9A52F944315D5B4e917b9689e65445C401E83,84,46520
0x892848074ddeA461A15f337250Da3ce55580CA85,84,46170
0x89509aA1D14a8E1E5364Ec4C3B041213bcDbe08D,84,47005
0x89E8E084cC60e6988527f0904b4bE71656e8bFA9,84,61863
0x8A7ebc8fb603C06834d04af223b89C38229B9a7c,84,51039
0x8A939fd297FAb7388d6e6C634eEe3C863626bE57,84,46116
0x8B2130eCbF32818978ed1a006080c2Fc5dd5b4A2,84,47188
0x8CFf34B86Ca40C81CD1c5C72Dce2B32E0c25bE2C,84,37798
0x8E6cd950Ad6ba651F6DD608Dc70e5886B1AA6B24,84,46869
0x8a1BbEf259B00cEd668A8c69e50D92619C672176,84,46685
0x8b8aa7777E18408c07b0eD52cA3dD5bDab34Eb7E,84,47287
0x8b8f9419ED9Fd8C168128bf05C5d5FE7B17fE11D,84,47170
0x8c1BEd5b9a0928467c9B1341Da1D7BD5e10b6549,84,56160
0x8c3FB10693B228E8b976FF33cE88f97Ce2EA9563,84,24277
0x8c5029957Bf42c61d19a29075Dc4e00b626E5022,84,46791
0x8d609Bd201bEaea7DccbfbD9c22851e23Da68691,84,46113
0x8e37EAbF6515A7DF0d84D021460136FE2536c24C,84,46577
0x8e4F1ce473b292D56934C36976356E3E22c35585,84,47317
0x8e7BD91F7D51D58145365341fDB37E0eDfC8397F,84,46323
0x8eEF5a82E6Aa222a60F009ac18c24EE12dBf4b41,84,46255
0x8fb956Ce2921954C45Cb3BB41978C4C6C9736af2,84,51123
0x9196E18Bc349B1F64Bc08784eaE259525329a1ad,84,46347
0x9361aDF2b72f413D96f81FF40D794B47CE13b331,84,47128
0x945B227Ce869e46Dd24D1dAfd6ACC04805C95649,84,62592
0x9471d9c5B57b59d42B739b00389a6d520c33A7a9,84,45983
0x94c2911cEB9B3684204C63b8E204A660990b7318,84,53512
0x9506d37f70eB4C3d79C398d326C871aBBf10521d,84,47156
0x9557Df87B329Bcb28698d5e0e4530979e74EA164,84,46091
0x95912d129A9F2f89Aa0f04e500BE49581D57fd2c,84,46920
0x95Ccd4F94eC4e28Bb8f7788FC84920e219225452,84,46517
0x9609b540e5Dedddb147AbBF9812ADE06b1e61B2C,84,46577
0x960b7a6BCD451c9968473f7bbFd9Be826EFd549A,84,24684
0x964cB40e1e45b06d34CB2f76991Eb0C997A71e96,84,46517
0x96665680f4889891f3209713cb9a8205Dce7278D,84,46588
0x9690b63Eb85467BE5267A3603f770589Ab12Dc95,84,46234
0x96aDD417293a49E80f024734e96CFd8b355bCc14,84,46619
0x971e5b5D4baa5607863f3748FeBf287C7bf82618,84,48714
0x9768c88DB399a3E0A8e4Eb4198953a9DAA7E43b0,84,46466
0x97dF038Ae72Ec75A057a01018369D49B17df3835,84,46293
0x984239261b4aFf295d004d7cA2Af039ad898D1D9,84,46610
0x989D7bD9981a6F30bACcB844C23f89b7C67Ef5b1,84,46548
0x9928a8600D14ac22c0be1E8D58909834d7ceAf13,84,53583
0x993864E43Caa7F7F12953AD6fEb1d1Ca635B875F,84,46665
0x9941F54CC630A3bA247e5F7e1c62CecC88e3FBEd,84,46177
0x99AD76874d21Ab6480Ef88238F2F9e38206d8f3B,84,46740
0x99a9B7c1116f9ceEB1652de04d5969CcE509B069,84,46381
0x99cf786dad3C68019f9919D153A3F1F949A18171,84,29417
0x99ea4dB9EE77ACD40B119BD1dC4E33e1C070b80d,84,46088
0x9A3c4b474730023C6A9B28D4Dfc097C182E8Ccf6,84,51130
0x9A594F5ed8D119B73525dfE23aDBCeCa77fD828D,84,47186
0x9B73Ff728D7D4A423e2166a8dFaa1E79D30cddE9,84,46619
0x9BE7076F736Dc4ec469df96FBB7147952133357C,84,46573
0x9Ba021B0a9b958B5E75cE9f6dff97C7eE52cb3E6,84,73494
0x9C65AB2765a1dE2c04a29e35819FF4A1443fB545,84,46648
0x9C73879F795CefA1D5239dE08d1B6Aba2D2d1434,84,46061
0x9C9293F0aD42AE8f6f53c812F274ef91f7941026,84,47128
0x9CF9AefCF28940b704F807e295879100Fc3220f7,84,46521
0x9Ce115f0341ae5daBC8B477b74E83db2018A6f42,84,46935
0x9D0f5277D19075eC1201fF94a483c5bCEe718d20,84,24741
0x9D9AE1ad49bE9b085Fef04B9c835D484a6D099e3,84,46103
0x9DFAD1b7102D46b1b197b90095B5c4E9f5845BBA,84,46159
0x9E64ea4e67371de7Ea8039C6F992f3029836cF4d,84,46265
0x9EAd4027e4d6E91cA1Cea053d6ccf638C17B86C9,84,89814
0x9F891b5ECbd89DD8A5Ee4d1D80EfC3fE78b306CB,84,47216
0x9FDFb933Ee990955D3219d4F892FD1F786b47C9B,84,46231
0x9a38DEC0590aBC8c883d72E52391090e948DdF12,84,24857
0x9aD204436656b71Ce217297768812bb1D4FFd356,84,47151
0x9af9FDeDa6515642a3CE6188fBAa74a2536a0205,84,47023
0x9d5f0495721e9002130a1Cb1751d5653181b43E0,84,61310
0x9e20461bc2c4c980f62f1B279D71734207a6A356,84,46987
0x9eAeBd7E73D97E78c77fAB743e6FFA1b550e224c,84,29369
0x9eEAeCBE2884AA7e82f450E3Fc174F30Fc2a8de3,84,46119
0x9eac760d89805558D1A657b59beD313766e09E61,84,24867
0x9f278Dc799BbC61ecB8e5Fb8035cbfA29803623B,84,46723
0xA0084063Ea01D5F09E56EF3fF6232A9e18B0BACD,84,46623
0xA2621F9b02549D05289b46700e9d53fcd2ee0B6D,84,45968
0xA26B04B41162b0d7c2e1e2f9a33B752E28304a49,84,47238
0xA2c2C937333165d4c5f2dC5f31a43E1239FeCfeB,84,46603
0xA2fe5E51729BE71261BcF42854012827BC44c044,84,46329
0xA3F7250306Dbb856D8d312f93029be73343939aF,84,46113
0xA3cB87080e68AD54D00573983D935Fa85d168FDE,84,47219
0xA4fFdf3208F46898CE063e25c1C43056FA754739,84,46947
0xA58A83361936471B50e2d1C7f99d422E6D73d397,84,24977
0xA663B02CF0a4b149d2aD41910CB81e23e1c41c32,84,46908
0xA6676B5d6D56F905d084914b70B2cC9C383f1A23,84,54474
0xA7F767865FCe8236f71AddA56c60Cf2E91DADc00,84,46472
0xA7aEA324469a8a2FB10723468508558D575f1463,84,46517
0xA848a1D33D8ef1633397A6acf617620fab8E5dA8,84,24961
0xA876f27F13A9eB6E621202cEFDD5AFc4a90E6457,84,24303
0xA9dD52596354CFCc50b36AE3A42386A74eC45a48,84,46552
0xAAA9214F675316182Eaa21C85f0Ca99160CC3AAA,84,46875
0xAB4a28211624496AFa30138C39AA10f8AAa511Ec,84,47128
0xAFCdd4f666c84Fed1d8BD825aA762e3714F652c9,84,46242
0xAbaF9c47094B1a774432FfaE5B6d92c78eE69BbB,84,46277
0xAf9F836cc3E4019AddD529c2579e44938252a1aE,84,46138
0xB000a4933107033A4E5483a1576EDA178F769508,84,46216
0xB162CaA6b63DE33EDc5D0A14b901FB6A54eE6B8f,84,24020
0xB2D6fb1Dc231F97F8cC89467B52F7C4F78484044,84,46046
0xB44b653f147569d88a684cBf6549e1968E8B2A1d,84,46985
0xB451A36c8B6b2EAc77AD0737BA732818143A0E25,84,46031
0xB5274D9F803B4b15607c6E180EF8f68fE990F73b,84,48943
0xB596ab6B6D3Db73402140b7D13C4c4e64dc910cD,84,47392
0xB83E115A6f47b98E3B5F31e205d2d841d0C78bA2,84,46726
0xB930dD4EA22cd4404C30D68B72E18453adcf93a2,84,46028
0xB93Ed6B544aA8d244c65D915C427139be4EB55b4,84,46155
0xBADFf0eF41D2A68F22De21EAbca8A59Aaf495cF0,84,46589
0xBB3d13260B3f6893aCe34a4284BE70eCCF4CC0F1,84,46707
0xBCe0Cf87F513102F22232436CCa2ca49e815C3aC,84,57655
0xBa25B2281214300E4e649feAd9A6d6acD25f1c0a,84,46642
0xBa28a90e44ADE1e24D5dd6f31cb9A71756EE65dd,84,46828
0xBa3335588D9403515223F109EdC4eB7269a9Ab5D,84,47073
0xBb3D7F42C58Abd83616Ad7C8C72473Ee46df2678,84,30108
0xBc2EC011566dB99ba2B3109E88B7A37CE0c03562,84,24844
0xBe00734799A67a62Af2819825580318aC1B1E4Ec,84,46589
0xC08512927D12348F6620a698105e1BAac6EcD911,84,53457
0xC0Cc5eA00cAe0894B441E3B5a3Bb57aa92F15421,84,46405
0xC14a73fcC775A861e597f1DF2E6b86d1c982e2Cf,84,51053
0xC1f33e0cf7e40a67375007104B929E49a581bafE,84,53645
0xC2d0e173116d5c269184A738F58dF02a0BCea48a,84,46398
0xC362eBE25ed8a51c11fF2141cD6c16763f56F434,84,46517
0xC3CD69649394bF1A18a7a0c7F90E4D0e4f1A9758,84,46149
0xC49E4717FB9dE97ddB4BFA5814372865249D3447,84,125294
0xC539f8e194569b3DB935d70Fa2E7cadD7DAd7F35,84,46271
0xC5842df170b8C8D09EB851A8D5DB3dfa00669E3F,84,46597
0xC669928185DbCE49d2230CC9B0979BE6DC797957,84,46512
0xC6bDb96E29c38DC43f014Eed44dE4106A6A8eB5f,84,46328
0xC785698504A70bE37d0e939a4C5326f8eDdD5BEb,84,47210
0xC7F8309622bF1167eb5430D131ba137770479556,84,46147
0xC929B3E2E98d1068aE8159a106172A4204fd4BC1,84,46098
0xCBdE0453d4E7D748077c1b0Ac2216C011DD2f406,84,46804
0xCD52bbD66D25CD64E41e7342F4f5a596B73A242b,84,46696
0xCD833cD4cC90f3AaE1a1Ebe005fe6AF61b7d119E,84,46538
0xCF67815ccE72E682Eb4429eCa46843bed81Ca739,84,32433
0xCF6dAAB95c476106ECa715D48DE4b13287ffDEAa,84,46134
0xCa21d4228cDCc68D4e23807E5e370C07577Dd152,84,46231
0xCa7cA7BcC765F77339bE2d648BA53ce9c8a262bD,84,46685
0xCbd3588463Ec95Df3d30F7631e193bf0a4826C61,84,46771
0xCc9A716Aed43961B726745f0FB09998Bae60A782,84,46517
0xCd7492db29E2ab436e819b249452EE1bbDf52214,84,46565
0xCeB02436107920E7AB80981502f592c25dd5BA21,84,46568
0xD0623da373F754C4B6762209EA77De59B21DD667,84,46291
0xD0F6a80064580B685e71359277370D6D4eEce3a4,84,51556
0xD2dc8ecD7D57C862d8b27361A444bf37C350ac3A,84,47116
0xD5Fa38027462691769b8A8BA6C444890103B5B94,84,47046
0xD5d86FC8d5C0Ea1aC1Ac5Dfab6E529c9967a45E9,84,46625
0xD69E6978D2f964fa78e8139FD488480D00F04887,84,47210
0xD87996Ff3D06858BFC20989aEF50cc5FCD4d84ca,84,46630
0xD8E8438CF7bEEd13cFABC82F300Fb6573962c9e3,84,24293
0xDA98Cf8b3c6C4E05d568e6D38752cB6097414aB0,84,51232
0xDC00bA87Cc2D99468f7f34BC04CBf72E111A32f7,84,46278
0xDDB149AE8E6635Df01a530da1E46921Bd78Dc385,84,46165
0xDDcc69879e1d2376ce799051afa98C689F234ccA,84,46548
0xDaa5f6cD0d1aE382A67e8A9b1dDff08685E443Bc,84,51056
0xDc63269eA166b70d4780b3A11F5C825C2b761B01,84,24849
0xDd5802e4692AcDa017D0D0D6a966E9F65ba78642,84,46876
0xDddfeC8ba91c0A17b27af2B13B1110aa1F744A86,84,46062
0xDf801468a808a32656D2eD2D2d80B72A129739f4,84,46137
0xE00bd3Df25fb187d6ABBB620b3dfd19839947b81,84,46016
0xE04F47FF45576249bc5083DFDf987e03d0550113,84,24281
0xE15e9c0bf6B6B29d3b9e1c921AB2CB09C2194463,84,46000
0xE18ab3568Fa19e0eD38BC1d974EDDD501E61E12d,84,46570
0xE60779CC1b2c1d0580611c526a8DF0E3f870EC48,84,24327
0xE66b3AA360bB78468c00Bebe163630269DB3324F,84,46386
0xE6b03f3182692db1eD7D3A91F6fADF3e4Dff2b95,84,45983
0xE6d48bF4ee912235398b96E16Db6F310c21e82CB,84,46157
0xE77076518A813616315EaAba6cA8e595E845EeE9,84,46215
0xE80C0cd204D654CEbe8dd64A4857cAb6Be8345a3,84,47095
0xE877B2A8a53763C8B0534a15e87da28f3aC1257e,84,46094
0xE90d8Fb7B79C8930B5C8891e61c298b412a6e81a,84,46183
0xE9B8c15cB7C669c3f2679739c7835c6B911dbDDb,84,47128
0xEA18DC833653172BbE819fEb5320D9dA9f99799a,84,46292
0xEBd9D99A3982d547C5Bb4DB7E3b1F9F14b67Eb83,84,48298
0xEC0a7A26456B8451aefc4b00393ce1BefF5eB3e9,84,46241
0xECDD2F733bD20E56865750eBcE33f17Da0bEE461,84,46189
0xEE7e74c1DeE8E0a394E3A857953c13C290Be5eD8,84,46946
0xEb2dFC54EbaFcA8F50eFcc1e21A9D100b5AEb349,84,53536
0xEd4064f376cB8d68F770FB1Ff088a3d0F3FF5c4d,84,46223
0xEdB61f74B0d09B2558F1eeb79B247c1F363Ae452,84,46212
0xEdE8560106764F71Bf6f5F17169Cba3949E933e5,84,46521
0xEec2bE5c91ae7f8a338e1e5f3b5DE49d07AfdC81,84,46507
0xEf44e83DB68B9E6Df9CE6cC9343653C733762617,84,46165
0xEf5587116F6aF2E880FB2FE4e9Ee8727AcB19508,84,55942
0xEf9e3414339a236cBFc8bf84c7fAc24c2513b317,84,46762
0xF0031782d37819F8E209C4421C774eD1f6163052,84,46168
0xF00bc0D4FA93a70239785a9C227602F6b5E02023,84,29225
0xF0187b76be05C1FCAa24f39C0a3aAB4434099c4f,84,24439
0xF0430BD971Ee4a63674A2103E21129e9ccf29686,84,46521
0xF0ea56402B2E2B27556D7abF4236C7327722Fe41,84,46707
0xF11A90b49bdc3C1C20628Cd7faa72E60Ca40Bd1C,84,47201
0xF136D7b0B7AE5b86D21E7B78DFA95375a7360f19,84,46483
0xF1376bceF0f78459C0Ed0ba5ddce976F1ddF51F4,84,53629
0xF1A7000000950C7ad8Aff13118Bb7aB561A448ee,84,46665
0xF1B1C4A697362D898863a2Ef80e6aB6ebf93aA2F,84,51130
0xF2109beCB0Ccfc94D96C9d06967808b184c86c60,84,157856
0xF2B2f7b47715256Ce4eA43363a867fdce9353e3A,84,46321
0xF2Fc894381792Ded27a7f08D9F0F246363cBe1ea,84,46635
0xF469fBD2abcd6B9de8E169d128226C0Fc90a012e,84,46939
0xF4B6f2ab709703aa1a3E47fa0183EC700017c62B,84,46686
0xF4d861575ecC9493420A3f5a14F85B13f0b50EB3,84,24223
0xF4ee95274741437636e748DdAc70818B4ED7d043,84,46619
0xF5081b106AbbE443FC62384b3724620Fc9599c46,84,46263
0xF5Fa31E386E10b86237e430d3F2cD0eA281cff7D,84,46483
0xF6Ce4BE313EaD51511215F1874c898239A331E37,84,46517
0xF8C18Df7509c03b45e6247b2b9E73fcaDEF24dd6,84,46130
0xF8f470728B795E2f365F0C17cc26c42712CE372d,84,46369
0xF9Ca9523E5b5A42C3018C62B084Db8543478C400,84,29202
0xFA716802b110CcdB73Acf04991b36eEFBDEE1020,84,46521
0xFa4bAa6951B6Ee382e9ff9AF2D523278b99ca6D0,84,24279
0xFdA79d4fFe20A7b4999c824e8e9685eb022dD9C6,84,46203
0xa0385E7283C83e2871E9aF49EEC0966088421ddD,84,24958
0xa0BBbe391B0D0957F1d013381B643041d2cA4022,84,46548
0xa0Dd6dd7775E93EB842Db0AA142c9c581031Ed3B,84,47246
0xa0a2E18784633eB47DbAfe7c36C4594B3eDaAeF6,84,46302
0xa150Db9b1Fa65b44799d4dD949D922c0a33Ee606,84,46397
0xa1d6Df714F91DeBF4e0802A542E13067f31b8262,84,47133
0xa20CF9B0874c3E46b344DEAEEa9c2e0C3E1db37d,84,46562
0xa34Ee6108Fe427f91edce0D6520d9fEc0E64F67b,84,46532
0xa58a4f5c4Bb043d2CC1E170613B74e767c94189B,84,46626
0xa5c93e5d9eb8fb1B40228bb93fD40990913dB523,84,51176
0xa5f2211B9b8170F694421f2046281775E8468044,84,46537
0xa62c9E29AB932AC771d61F5A31D8f8b17a07Da71,84,47156
0xa684EAf215ad323452e2B2bF6F817d4aa5C116ab,84,46268
0xa71261C2b51cB8030700F5601Ca597c522dc232e,84,47173
0xa7F3508cfcF054Cc9cf1440580B78784E07382dB,84,46569
0xa81a62195CC33B81D9a761bBc7Da62e63BeB2759,84,47127
0xa9261e6E59F7ed7bBd285628F25A079a11DB3c6D,84,46658
0xa9D54F37EbB99f83B603Cc95fc1a5f3907AacCfd,84,46970
0xaA19673aA1b483a5c4f73B446B4f851629a7e7D6,84,46179
0xaA379c2aA72529d5ec0da8A41e2F41ED7Fe4b48C,84,32411
0xaAF03a65CbD8f01b512Cd8d530a675b3963dE255,84,46055
0xaCF63E56fd08970b43401492a02F6F38B6635C91,84,46137
0xaE6e307c3Fe9E922E5674DBD7F830Ed49c014c6B,84,46205
0xaF2EBaDC56c62023c74e2e4A088D10121007F71d,84,46205
0xaFD2BD087595A29204CBEB62048933927852775F,84,46275
0xaaD35C2DadbE77f97301617D82e661776c891Fa9,84,46238
0xab814ce69E15F6B9660A3B184c0B0C97B9394A6b,84,46442
0xabAb3B0DB38f2303ACbCAB672905E41A18e396d8,84,46289
0xb01dd87B29d187F3E3a4Bf6cdAebfb97F3D9aB98,84,46325
0xb11dB272EbfABEdf611a07684e82165dB60dC70E,84,47216
0xb1C064C3f2908F741C9dEA4AFC5773238B53e6cc,84,46242
0xb23C226c8ee8897aB8Ac3267b8d41C881c3ceb5b,84,29466
0xb26C4B3Ca601136Daf98593feAeff9E0CA702a8D,84,46206
0xb3E41D6e0ea14b43BC5DE3C314A408af171b03dD,84,26301
0xb52Aea9Bd039EDCBa8263c6874419611De9d5929,84,46264
0xb53f56aEe2807De9C98FD0E761dd079fA75e288a,84,46547
0xb612bFC5cE2FB1337Bd29F5Af24ca85DbB181cE2,84,47210
0xb77120C1cBFb85d9223BA225a07AeaBd2530de6f,84,47201
0xb794Ad95317f75c44090f64955954C3849315fFe,84,46324
0xb7E548C4f133AdBB910914D7529D5CB00c2E9051,84,24413
0xb7eC7bbd2d2193B47027247FC666fB342D23c4B5,84,46969
0xb80B6Be0ccadbDE3F4bf602040f38882fC0f8eBB,84,46193
0xb8b295df2cd735b15BE5Eb419517Aa626fc43cD5,84,51536
0xb970E14Df2161c0A2f32EBA35901f2446581b482,84,46588
0xb9EF770B6A5e12E45983C5D80545258aA38F3B78,84,46037
0xbAbB3f87424d900aBd83C807C1E01a22a54E726F,84,95798
0xbB126042235E6bD38B17744cb31a8bF4A206c045,84,48447
0xba30E5F9Bb24caa003E9f2f0497Ad287FDF95623,84,46619
0xba6666B118f8303F990f3519DF07e160227cCE87,84,53608
0xbc4d9dE1F64ff27650fFa03b10Bd14DEBa651633,84,47055
0xbc544207fF1C5B2bC47A35F745010b603b97e99e,84,46965
0xbdBb63F938c8961AF31eaD3deBa5C96e6A323DD1,84,46352
0xbdC204B7aCa2e98b69E0732b838505bf3f3Da653,84,46133
0xbdab72602e9AD40FC6a6852CAf43258113B8F7a5,84,46364
0xbde4c4a9057595FA16D38e0BD7871EF119045a84,84,24968
0xbe2162D707D1486cF73EB55664E40f11D6563D8e,84,46577
0xbe9F61555F50DD6167f2772e9CF7519790d96624,84,46542
0xbfe8cfa08B703d4690b0E39Bc173E33b1285740D,84,49149
0xc00C733702248AeBDb357340ddDdA5C47500A35A,84,53940
0xc36cF0cFcb5d905B8B513860dB0CFE63F6Cf9F5c,84,45890
0xc5240Ac6b9d81b2DbA30e331E3b419ED52cd2720,84,46028
0xc5B52253f5225835cc81C52cdb3d6A22bc3B0c93,84,46087
0xc73C167E7a4Ba109e4052f70D5466D0C312A344D,84,46289
0xc7D84b7d4a04ABcB9ADE97b8af212423F51D2aEA,84,24239
0xc9089C58C380D3E9CE812DDb878aaE9828DE8436,84,46577
0xcB8fb2438A805664cD8c3e640b85AC473DA5BE87,84,46243
0xcBB8f1BDA10b9696c57E13BC128Fe674769DCEc0,84,46344
0xcE6b17c16Df188fa721632b770a2ee5530589716,84,46906
0xcab2FA2eeab7065B45CBcF6E3936dDE2506b4f6C,84,45426
0xcb86c6A22CB56B6cf40CaFEDb06BA0DF188a416E,84,44269
0xcee3C4F9f52cE89e310F19b363a9d4F796B56A68,84,46197
0xd00e564408752B68CFD41bfE79403fB11Abca0ea,84,48004
0xd0F71C028324B914379D344844155D60f97E55d8,84,46626
0xd12A99dbC40036CEc6f1b776dccd2d36f5953B94,84,46540
0xd2adC1C84443Ad06f0017aDCa346Bd9b6fc52CaB,84,47065
0xd2cA59B12379DDe4140130EDaB160fABb28bFbcd,84,51086
0xd396ca541F501f5D303166C509e2045848df356b,84,46151
0xd3c29550D12A5234e6AEb5aea7c841134cd6ddd5,84,46031
0xd433A216266d998C557441Ce722C13307Be3597F,84,27001
0xd475FD7aE796973C49d28cba2A0B3656E1F27DAB,84,24233
0xd57BF0C95194F4d13ef7EE433076891Ffa285Aa5,84,47188
0xd6fC3770a5FaB5b7aFA4f2cA8490973D15902650,84,46631
0xd795eb12034C2b77d787a22292c26fab5f5C70Aa,84,24289
0xd7fa4cFC22eA07DfCeD53033fbE59d8b62B8Ee9E,84,46658
0xd888A5460fFFA4B14340DD9Fe2710cbABd520659,84,47179
0xdA47862a83dac0c112BA89c6abC2159b95afd71C,84,46663
0xdC1743bB0804B28D669D9aEE3C05787139947372,84,46546
0xdE0E244Ac2d8DbE3F7de5e1EFB4cf9882d2207DF,84,47205
0xda169CE4C000EC32d13FD78b504940c605645c43,84,46517
0xda31D0d1Bc934fC34F7189E38A413ca0A5e8b44F,84,46489
0xdc9CB148ECb70876db0aBeB92f515a5E1dc9f580,84,47216
0xdcAF23e44639dAF29f6532da213999D737F15aa4,84,46102
0xdd3B11eF34cd511a2DA159034a05fcb94D806686,84,46706
0xdd50C053C096CB04A3e3362E2b622529EC5f2e8a,84,81418
0xde721B3C38cbFaBCdFcC29f0bC320efeB5c245ef,84,46167
0xe0e034AfF49755e80b15594ce3A16d74d1a09b2F,84,46285
0xe171AFcd1E0394b3312e68ca823D5BC87F3Db311,84,70662
0xe19d1c837B8A1C83A56cD9165b2c0256D39653aD,84,46296
0xe485E2f1bab389C08721B291f6b59780feC83Fd7,84,47023
0xe5c4259B3Ec8d56D2Df1c53297793dd7d41064c6,84,46539
0xe63b211D095BC7CF9Bee028005D5f5604aEFC729,84,47188
0xe987E9b07cA431FE0C7e8f431FA4F94ab9CA2423,84,46422
0xe99230a033332fF10fF79E137D3d27A4417d014F,84,46311
0xeA1A6307D9b18F8d1cbf1c3Dd6aad8416C06a221,84,46216
0xeA39f83808De3D692F799000b6762E7A38Cf73E5,84,46507
0xeA4170A365952c666A9f34950771E51841732de9,84,47250
0xeA51d7853EEFb32b6ee06b1C12E6dcCA88Be0fFE,84,53984
0xeAeBb6cd3a1f9b9cAD725D0189BA5BfEA25A9d76,84,47138
0xeB0EB6D0B303Bc0b83A86F23e977EF12C805080B,84,46596
0xeD89fc0F41d8Be2C98B13B7e3cd3E876D73f1d30,84,46517
0xeE3c722d177559F73288cEC91fA3E4bBfd8C27Fc,84,47175
0xeEa7c78b258bD908256a1aFA4e2f311E26c992F3,84,46591
0xed2D1Ef84a6a07dD49E8cA934908E9De005b7824,84,46628
0xed328E9C1179a30ddC1E7595E036AEd8760C22aF,84,46935
0xed4e879087ebD0e8A77d66870012B5e0dffd0Fa4,84,47223
0xee573a945B01B788B9287CE062A0CFC15bE9fd86,84,48652
0xee772CEc929D8430b4Fa7a01cD7FbD159a68Aa83,84,46572
0xeefBa1e63905eF1D7ACbA5a8513c70307C1cE441,84,111756
0xf07468eAd8cf26c752C676E43C814FEe9c8CF402,84,46189
0xf148438326E50eC1c703Cb8fc946A6B5A7884E98,84,46685
0xf1a91C7d44768070F711c68f33A7CA25c8D30268,84,46486
0xf2104a4747A6b2AD14866753F336e02Ab96346e4,84,46588
0xf27397491cB3fc5DbE85254aEd0253bB744C0601,84,46277
0xf3768D6e78E65FC64b8F12ffc824452130BD5394,84,23943
0xf3D20Db1D16A4D0ad2f280A5e594FF3c7790f130,84,43198
0xf3E66b03D098D0482Be9Cb3d6999787231a93ed9,84,47137
0xf418588522d5dd018b425E472991E52EBBeEEEEE,84,46622
0xf4308b0263723b121056938c2172868E408079D0,84,29255
0xf497253C2bB7644ebb99e4d9ECC104aE7a79187A,84,46068
0xf4B6040A4b1B30f1d1691699a8F3BF957b03e463,84,46116
0xf61F24c2d93bF2dE187546B14425BF631F28d6dC,84,46180
0xf65B5C5104c4faFD4b709d9D60a185eAE063276c,84,53906
0xf67366e83cc9B115Ef8cCA93baeD1f03E6d3ca9A,84,47173
0xf70d49ec015D67738482a09c849e02e89b6FE661,84,48843
0xf80e438E97876DB4287FaC61CbCA0309719CF2e7,84,29218
0xf819d9Cb1c2A819Fd991781A822dE3ca8607c3C9,84,46563
0xfA5047c9c78B8877af97BDcb85Db743fD7313d4a,84,29130
0xfDf7af616091A05b9cD3B5AeDD3E88d4E8cD882e,84,46595
0xfF931a7946d2fA11CF9123EF0dc6F6C7c6cB60C4,84,46517
0xfFe53829e5d367D8e3671bBfb95fe0E024f0d8b6,84,34949
0xfb130d93E49DcA13264344966A611dc79a456Bc5,84,46929
0xfb66321D7C674995dFcC2cb67A30bC978dc862AD,84,46554
0xfc10CD3895F2C66D6639eC33ae6360D6cfca7d6d,84,48886
0xfe9A29aB92522D14Fc65880d817214261D8479AE,84,47145
0xff00FFcbD9701d290000Dc5f5Ce59026773aC704,84,47240
0x1cfd117F377a23100081F1785ca53A4662B2b990,90,57476
0xe591293151fFDadD5E06487087D9b0E2743de92E,96,89292
0x141c4651E7cfbfb8f5220132e1FB5a5F6E7bb655,108,279585
0x31d543e7BE1dA6eFDc2206Ef7822879045B9f481,108,260634
0x33334B80c4e8ccEa5E9d9E5d99cC5f689a3F4444,108,307566
0x416369DefBf1C2A3c275411271d266B10C38bE83,108,279585
0x4317ba146D4933D889518a3e5E11Fe7a53199b04,108,279609
0x5A0492D20D984eE904E46E6Ff24572bc755abb28,108,279573
0x5e76821C3c1AbB9fD6E310224804556C61D860e0,108,260586
0x66CC916Ed5C6C2FA97014f7D1cD141528Ae171e4,108,279573
0xB09DC08428C8b4EFB4ff9C0827386CDF34277996,108,260538
0xaE25ea4Cc185585Fa6abf344F3354bf8207Cd7D1,108,279585
0xbB7aD3f9CCbC94085b7F7B1D5258e59F5F068741,108,279573
0x261E3aEB4cd1ebfD0Fa532d6AcDd4B21EbdCd2De,114,47142
0x67438161883F71255Acfbba3C2F1A582780B05CB,114,70480
0x23312E8F0CcdDb67C068C61FfEF4b4a44E7E6abE,120,40312
0x4a3826bD2e8a31956Ad0397A49efDE5e0d825238,120,40760
0x78364cFd8E7081672A7380Ed8a6c2491d5ef1204,120,51374
0x0022228a2cc5E7eF0274A7Baa600d44da5aB5776,126,41760
0x02e7F808990638E9e67E1f00313037EDe2362361,126,30365
0x069d89974f4edaBde69450f9cF5CF7D8Cbd2568D,126,58623
0x0828096494ad6252F0F853abFC5b6ec9dfe9fDAd,126,30528
0x0D3CbED3f69EE050668ADF3D9Ea57241cBa33A2B,126,53630
0x0De05F6447ab4D22c8827449EE4bA2D5C288379B,126,56654
0x13dE35C875EF98Ce741Cc6baAb769690Fb011697,126,51489
0x1487C23E2Ac9e70DD3eFa4dBBcEbD76c346CAF0F,126,52206
0x171120219d3223E008558654ec3254A0F206edb2,126,51433
0x1bb8BFa443D05CFF0421D1e1a27dcb591C291e4B,126,51637
0x1ffEFD8036409Cb6d652bd610DE465933b226917,126,51690
0x23581767a106ae21c074b2276D25e5C3e136a68b,126,52251
0x23894DC9da6c94ECb439911cAF7d337746575A72,126,34586
0x2599c37d38B411CE0776a42aeFCDD7F2F5f6EBA3,126,51470
0x294B9dA569c0d694870239813Bbe7B5824FD2339,126,46834
0x29D0Fe16641F2B8D63D83d95176aDee94bBA0b25,126,51607
0x2C9b0e2557A59693496c947e227c77D174fFCC98,126,46909
0x2E95Cea14dd384429EB3c4331B776c4CFBB6FCD9,126,54829
0x2b867efD2dE4Ad2B583Ca0CB3dF9C4040Ef4D329,126,51589
0x2f32b39023dA7d6A6486A85d12B346EB9C2A0D19,126,51582
0x31e4efe290973ebE91b3a875a7994f650942D28F,126,51481
0x31ea0de8119307aA264Bb4b38727aAb4E36b074f,126,52380
0x36720Da00Deab09281868988c989cC63fD321C85,126,54107
0x41598b250b5ea02F21fE5312dC86EA57d60a21Ae,126,59528
0x449f661c53aE0611a24c2883a910A563A7e42489,126,51004
0x4FaDC7A98f2Dc96510e42dD1A74141eEae0C1543,126,49813
0x4a23ae08179f1b1FE592e59BAFE3DD57960a904E,126,95659
0x4f4a556361B8B4869F97b8709ff47c1B057Ea13b,126,29681
0x51bd5948CF84a1041d2720F56DEd5e173396FC95,126,61950
0x5512fdDC40842b257e2A7742Be3DaDcf31574d53,126,57025
0x5582a479f0c403E207D2578963CceF5D03BA636f,126,54494
0x55A05Cf8898dd1c582eef939Df645d5D235C6f74,126,30255
0x57Ab1ec28D129707052df4dF418D58a2D46d5f51,126,69754
0x584Ed8C285382E18975D2690Ef6653993f52668D,126,46795
0x5BaE9a5D67d1CA5b09B14c91935f635CFBF3b685,126,32018
0x5C5708C6F9AAa28ddb9eC5Bed1c972a612Be5a90,126,278118
0x5c9cec94C8Fd26fFB440412C04a648afB6187783,126,52141
0x5d3D01FD6d2Ad1169b17918eB4f153C6616288eB,126,30277
0x5dF8c7C0725CDB6268F4503de880c38C45F69C61,126,857863
0x5fa5fE11DfEe13fb2a3E9c64D53d679bA1EDcF20,126,66927
0x614577036F0a024DBC1C88BA616b394DD65d105a,126,51387
0x62b119b19f1CF2A8D8fe18d1fDe5EE46ded210FE,126,35085
0x6EFc003D3F3658383F06185503340C2Cf27A57b6,126,58165
0x712bd4Beb54C6B958267d9dB0259abdBb0BFF606,126,29553
0x745407c86DF8DB893011912d3aB28e68B62E49B0,126,37591
0x772358ef6ed3e18BdE1263F7d229601c5fa81875,126,52240
0x7815bDa662050D84718B988735218CFfd32f75ea,126,54623
0x79bbF4508B1391af3A0F4B30bb5FC4aa9ab0E07C,126,34386
0x7E6027a6A84fC1F6Db6782c523EFe62c923e46ff,126,59972
0x8eB67A509616cd6A7c1B3c8C21D48FF57df3d458,126,30288
0x9661FE9caF45Be6EC27337b8C7f9c8616D4aeFda,126,42318
0x97872EAfd79940C7b24f7BCc1EADb1457347ADc9,126,47560
0x9AB7bb7FdC60f4357ECFef43986818A2A3569c62,126,34509
0x9dDcCbACc390A30EA5681c28e0D99f3e16bD5Cb1,126,68043
0xAcb6b218DE5dF7Cd682eE5e103a4DD00b0D76471,126,36584
0xB7b37b81d4497AB317fc9d4A370CF243043d6bBe,126,52188
0xC319EEa1e792577C319723b5e60a15dA3857E7da,126,86767
0xCD6Adc6b8Bd396E2D53cCD7D7257B4De55bE4fbe,126,46831
0xCdb4A8742ed7D0259b51E3454C46C9D6C48d5e88,126,51593
0xD979c468a68062e7bdff4Ba6DF7842DfD3492E0f,126,52184
0xDA7C0810cE6F8329786160bb3d1734cf6661CA6E,126,47446
0xDf4255848a82949BC9386A74Ab9Fe8D744AF46AA,126,43760
0xE0a62E132B187B1539b4095D7D8089f5FaB7f688,126,34537
0xFBE44caE91d7Df8382208fCdc1fE80E40FBc7e9a,126,47480
0xa1a52E35BF516Edbd166d9A1b0097cbf11483a5D,126,54509
0xa6C0c097741D55ECd9a3A7DeF3A8253fD022ceB9,126,53713
0xa9F94F19abf3089d535B1dE2Cc058A365Ea716c7,126,51622
0xaf9B448Ce0ea0b4239C110869a15733cf443A4fC,126,37337
0xb2a25f7D864636E44Bc1Bf7a316897652Bf07463,126,30279
0xb712d62fE84258292d1961B5150a19bC4Ab49026,126,46826
0xb7de5dFCb74d25c2f21841fbd6230355C50d9308,126,49118
0xc0dB17Bc219C5ca8746C29ee47862ee3Ad742F4a,126,51561
0xc2e9678A71e50E5AEd036e00e9c5caeb1aC5987D,126,59094
0xcBC9B61177444A793B85442D3a953B90f6170b7D,126,107307
0xcf4dD73d18BEe9E9ae3e0CaA05F0F1784863ceD1,126,52293
0xd0a6053f087E87a25dC60701ba6E663b1a548E85,126,30550
0xd27dF544777BEb6635590035D69f72Cc1F066E7d,126,100627
0xd536E7A9543Cf9867a580B45CEC7F748a1FE11eC,126,47265
0xdb16aeA7E60d06aDF5Ff3cfC88A212f042b79483,126,54473
0xdf21B2F95484044b8f47EdF66c1C8A6ce7D5E6a7,126,47529
0xe92b586627ccA7a83dC919cc7127196d70f55a06,126,45796
0xf017d3690346eb8234b85F74cEe5E15821fEe1f4,126,34598
0xfC385A1dF85660a7e041423DB512f779070FCede,126,34553
0xfE18be6b3Bd88A2D2A7f928d00292E7a9963CfC6,126,69778
0xfb7477A0aC84eE53284a92846662ACb6dFD8de6A,126,86900
0x08669C836F41AEaD03e3EF81a59f3b8e72EC417A,132,125739
0x46ef0071b1E2fF6B42d36e5A177EA43Ae5917f4E,132,126871
0x5B61db1e82EE0Ee94a5C1FeD019C1ff5bBb9E837,132,122057
0x9f7Ce792d0ee09a6ce89eC2B9B236A44B0aCf73e,132,128315
0x000037bB05B2CeF17c6469f4BcDb198826Ce0000,144,90342
0x7a7f0b3c23C23a31cFcb0c44709be70d4D545c6e,150,77979
0x5127Ef50147F1Cd095c80feBC89d49C8c85a4F9B,156,55142
0x6Ca81d6C500d8201dd46eDd2F974cAab533ef497,156,47620
0x3B863Bb7e7aA4284D7D81E00bcb62aeD9AF45291,162,215076
0x735aDBbE72226BD52e818E7181953f42E3b0FF21,162,279807
0x8EB53976D7c825C5ECA1496A53aFC77A72feA664,162,116509
0xe822c3d76ac133f7d9f12c39c1BF28a797624AA9,162,223742
0x00000000000C2E074eC69A0dFb2997BA6C7d2e1e,168,96618
0x0000000000c26FAbFe894D13233d5ec73F61cc72,168,106822
0x05C682Bbbd25bA7153825fadb3CEb31cbf807524,168,73382
0x06F3C323f0238c72BF35011071f2b5B7F43A054c,168,46451
0x07150e919B4De5fD6a63DE1F9384828396f25fDC,168,106574
0x0871F5Cd563Ed50Fd2be8E7f0aC11f21BE574560,168,51640
0x0A13A5929e5F0ff0EABA4Bd9e9512C91fCE40280,168,92652
0x0D5Cd7F5E776b75903871FA3E1BFb093aB20e928,168,743941
0x0EE1448F200e6e65E9bad7A335E3FFb674c0f68C,168,92298
0x0cEC1A9154Ff802e7934Fc916Ed7Ca50bDE6844e,168,94028
0x0f6d4d4643A514132F84F4a270946dB3c7Cb701C,168,92918
0x1063181dc986F76F7eA2Dd109e16fc596d0f522A,168,92394
0x12996C7B23c4012149bf9F5663FF9Aa08A9cF2E4,168,93990
0x139005eceFA24C1e829f138ADA76D68cde81E8A3,168,46480
0x160C404B2b49CBC3240055CEaEE026df1e8497A0,168,92354
0x168168Db04dEF453b7e8BfaFf1E0102a3e810485,168,73262
0x194779473B9964AfD1ba05618D38BA8807c93F95,168,92782
0x1B49F587feca530a7Bf7Cf2bD3fBda780e1B7490,168,93998
0x1BBf25e71EC48B84d773809B4bA55B6F4bE946Fb,168,99156
0x1E0b2992079B620AA13A7c2E7c88D2e1E18E46E9,168,92908
0x1E762e1FAc176bbB341656035daf5601b1C69Be5,168,58684
0x1F7e5118521B550bB1A9B435727c003eB033FC51,168,32194
0x2196B84EaCe74867b73fb003AfF93C11FcE1D47A,168,99432
0x240D6FAF8c3B1A7394e371792A3bf9D28DD65515,168,72606
0x2479F03e2beA89e636f1961272C6Ed6B8Cc20b29,168,92742
0x249e38Ea4102D0cf8264d3701f1a0E39C4f2DC3B,168,93066
0x2597342ff387B63846eb456419590781C4bfCdAF,168,94316
0x271a66F8c4728b07A6a8D3895cf825f4A0791d3C,168,77688
0x272BF7e4Ce3308B1Fb5e54d6a1Fc32113619c401,168,145378
0x283D480dFD6921055E9C335FC177bF8Cb9C94184,168,93104
0x2B66AAdE1e9C062FF411bd47C44E0Ad696d43BD9,168,71222
0x2F42b7d686ca3EffC69778B6ED8493A7787b4d6E,168,93352
0x2F47cA81a38CB76F94256706750a4eA879E7CF9F,168,154436
0x2be5e8c109e2197D077D13A82dAead6a9b3433C5,168,32011
0x2eDf094dB69d6Dcd487f1B3dB9febE2eeC0dd4c5,168,51837
0x2fb652314C3d850E9049057bBE9813F1eEe882d3,168,75528
0x32a7C02e79c4ea1008dD6564b35F131428673c41,168,29928
0x33C04Bed4533e31f2Afb8AC4a61A48Eda38C4fA0,168,92718
0x34349c5569e7B846c3558961552D2202760A9789,168,84732
0x348FC118bcC65a92dC033A951aF153d14D945312,168,92226
0x354634c4621cDfb7a25E6486cCA1E019777D841B,168,68483
0x35e78b3982E87ecfD5b3f3265B601c046cDBe232,168,34601
0x365AccFCa291e7D3914637ABf1F7635dB165Bb09,168,48975
0x3742f3Fcc56B2d46c7B8CA77c23be60Cd43Ca80a,168,101782
0x38C2a4a7330b22788374B8Ff70BBa513C8D848cA,168,92520
0x3Acce66cD37518A6d77d9ea3039E00B3A2955460,168,92270
0x3Bdca51226202Fc2a64211Aa35A8d95D61C6ca99,168,102904
0x3C4B6E6e1eA3D4863700D7F76b36B7f3D3f13E3d,168,29939
0x3Cb48AeB3D1abaDc23d2D8a6894B3A68338381C2,168,94390
0x3a22338595bEaC548E6E86aD95641da218a1F8B3,168,92914
0x3c3a81e81dc49A522A592e7622A7E711c06bf354,168,108758
0x3d451D030aeA674472447F9773E1a6e7c3CfE6c3,168,67779
0x4057Db5bD9f67A566aA10E5587b1a964afFc6a16,168,51841
0x40e3d1A4B2C47d9AA61261F5606136ef73E28042,168,94234
0x41AB1b6fcbB2fA9DCEd81aCbdeC13Ea6315F2Bf2,168,46596
0x41dDf7fC14a579E0F3f2D698e14c76d9d486B9F7,168,77027
0x4206931337dc273a630d328dA6441786BfaD668f,168,93154
0x42c83a91B3a79dE5488CD9280A4dF564e13A79EE,168,67398
0x44709a920fCcF795fbC57BAA433cc3dd53C44DbE,168,93128
0x466CFcD0525189b573E794F554b8A751279213Ac,168,92356
0x4687f007da484EFE20D7A17E5B1D105CDBFCA0Eb,168,93332
0x469788fE6E9E9681C6ebF3bF78e7Fd26Fc015446,168,46651
0x46FDcDDfAD7C72A621E8298D231033Cc00e067c6,168,94036
0x470e8de2eBaef52014A47Cb5E6aF86884947F08c,168,92208
0x476c5E26a75bd202a9683ffD34359C0CC15be0fF,168,53820
0x47e78B0a563eb907331915793756899D492F2B41,168,51742
0x482702745260Ffd69FC19943f70cFFE2caCd70e9,168,92828
0x4A029F7bCf33AcB03547D8fA7be840347973e24e,168,94182
0x4AdE2b180f65ed752B6F1296d0418AD21eb578C0,168,93022
0x4C7Bc248FC9912920331D35C19dB5962D4fC48b7,168,53596
0x4a615bB7166210CCe20E6642a6f8Fb5d4D044496,168,46901
0x4beFa2aA9c305238AA3E0b5D17eB20C045269E9d,168,113335
0x4c11249814f11b9346808179Cf06e71ac328c1b5,168,92664
0x4f7d2D728ce137dd01ec63EF7B225805C7b54575,168,93138
0x4fAAB2f1851B58c26028ab7bA2873Ff3c7B52D4C,168,92302
0x4fE83213D56308330EC302a8BD641f1d0113A4Cc,168,46299
0x4fE8d4775b7cB2546b9eE86182081CDF8f77B053,168,73040
0x508E00D5ceF397B02d260D035e5EE80775e4C821,168,55899
0x50D1c9771902476076eCFc8B2A83Ad6b9355a4c9,168,29624
0x510Db3F7d1d6e9F24B0c452b561257292DD6E4a8,168,91898
0x5198CB44D7B2E993ebDDa9cAd3b9a0eAa32769D2,168,57202
0x57f6bddF2e015FEB13e8F86cB7BB5a6a62723Ffe,168,92548
0x5832Fbf930DacbDd9a1697dCA7b3C518277FF0b0,168,70818
0x590F820444fA3638e022776752c5eEF34E2F89A6,168,123276
0x591a86cEb8b7DB5a1f8c38fc785D68d39f67Fe33,168,87047
0x5Aedf596AbE3CB76AC483bC8E2b3aaFe7D43ba79,168,46492
0x5B322514FF727253292637D9054301600c2C81e8,168,52063
0x5B9225fb987b2C6c489720111D88B063067a46fd,168,46480
0x5BD03ed7D4Cd9048B95Eceacb862bECFDbD86EC2,168,93118
0x60bb1e2AA1c9ACAfB4d34F71585D7e959f387769,168,45769
0x634A7B195aDFD9eBa2Ce4A4b5De6b0c1C06a415d,168,64248
0x643C4E15d7d62Ad0aBeC4a9BD4b001aA3Ef52d66,168,86265
0x64aa3364F17a4D01c6f1751Fd97C2BD3D7e7f1D5,168,92550
0x66b5228CfD34d9f4d9f03188d67816286C7c0b74,168,93056
0x695e502eE8e39A128FB79e8D01230d15f368eA45,168,70010
0x6D0F5149c502faf215C89ab306ec3E50b15e2892,168,29644
0x6DF3448738C1ADBe5A035D591856e5D2096Ad1A9,168,51754
0x6c4018178E2f33ac642BE5aBf565472D99d34062,168,92782
0x6c936D4AE98E6d2172dB18c16C4b601C99918EE6,168,35583
0x6dD53058d5508eACA0FaFdAdb8634D8eD79Bf6bE,168,77920
0x6fD9581e71786A4fE3F533b3c64c896c6C186231,168,70996
0x7223442cad8e9cA474fC40109ab981608F8c4273,168,92394
0x7295AbaA25E57e51c15DB71893EDC16ED37c8097,168,92722
0x7340eA46360576DC46Ef49bcE99Bc5072c32421d,168,93322
0x741282955AcBA6d0EFf07d80612C52fDFDe89808,168,83763
0x7786729eEe8b9d30fE7d91fDFf23A0f1D0C615D9,168,70112
0x7D8146cf21e8D7cbe46054e01588207b51198729,168,92872
0x7E77dCb127F99ECe88230a64Db8d595F31F1b068,168,49569
0x82d36570842fc1aC2a3B4DbE0e7c5c0e2E665090,168,92620
0x83596FCf0Dc81749004c560afa29D46Dbb3CC824,168,35578
0x83599937c2C9bEA0E0E8ac096c6f32e86486b410,168,75318
0x84631c0d0081FDe56DeB72F6DE77abBbF6A9f93a,168,53809
0x861e65F1Bf472eAD79c248111D78211907130820,168,108912
0x86B5780b606940Eb59A062aA85a07959518c0161,168,92876
0x8A47b431A7D947c6a3ED6E42d501803615a97EAa,168,92056
0x8CEFBEB2172a9382753De431a493E21Ba9694004,168,93668
0x8DB2350D78aBc13f5673A411D4700BCF87864dDE,168,97494
0x8a854288a5976036A725879164Ca3e91d30c6A1B,168,46488
0x8dCE83ECa4af45dbe618Da1779F9Aaca43201084,168,92602
0x8e0EeF788350f40255D86DFE8D91ec0AD3a4547F,168,92344
0x965697b4ef02F0DE01384D0d4F9F782B1670c163,168,49094
0x99c0A4e063bA5feE4d99e264b0990fE649f094c8,168,52689
0x9E641187391B7a5fE9ee193359408CA3894f68a2,168,145187
0x9Ed15383940CC380fAEF0a75edacE507cC775f22,168,92406
0x9F9c8ec3534c3cE16F928381372BfbFBFb9F4D24,168,92632
0x9aE380F0272E2162340a5bB646c354271c0F5cFC,168,92912
0x9b06F3C5de42D4623D7A2Bd940EC735103c68A76,168,92808
0x9cAAe40DCF950aFEA443119e51E821D6FE2437ca,168,107522
0x9f04c2bD696a6191246144bA762456a24c457520,168,93140
0xA1D4657e0E6507D5a94d06DA93E94dC7C8c44b51,168,92312
0xA52482132ACc441475A0BA740f3A5bA7bce8f470,168,92142
0xA562912e1328eEA987E04c2650EfB5703757850C,168,73426
0xA68fCaE7937808F83650E58ED53b19754d3a3e56,168,51754
0xA888D9616C2222788fa19f05F77221A290eEf704,168,51954
0xAE26Dd8a376Baf03304E6877e3692044F4C597E4,168,93178
0xAb85fc558d722A2b7c040FfB77dB676Bd9e7D322,168,94464
0xAdFb8D27671F14f297eE94135e266aAFf8752e35,168,47921
0xAdbBB02E20C44779e87F7eA90C47c9A7a8A93fee,168,34445
0xB4e16d0168e52d35CaCD2c6185b44281Ec28C9Dc,168,92772
0xB59cdb33FB195fd935AB28AbBc580c66fb0070B7,168,77265
0xB5BdFa2827759F814774fd150f237F0344B9F725,168,37271
0xBE77212A6c7f55567470c2C95AFf7B0B0E0C3Ef5,168,92838
0xC0F9bD5Fa5698B6505F643900FFA515Ea5dF54A9,168,76390
0xC40629464351c37c1e1f47b3640eA2e7AeC31eA5,168,72118
0xC4C2614E694cF534D407Ee49F8E44D125E4681c4,168,58285
0xC673ef7791724f0dcca38adB47Fbb3AEF3DB6C80,168,53262
0xC7b4aCb65f03373121255B8FB36c8eE52CaeA889,168,94220
0xC907ba505C2E1cbc4658c395d4a2c7E6d2c32656,168,165364
0xC9524dAd5e04A86A338800dCb0519BB6A09Df5Ba,168,73994
0xCA7Af58da871736994Ce360f51eC6cd28351A3Df,168,94016
0xCC42b2B6D90e3747c2b8E62581183A88E3Ca093a,168,93390
0xCF3C8Be2e2C42331Da80EF210e9B1b307C03d36A,168,96812
0xD015422879A1308ba557510345E944B912b9aB73,168,92654
0xD0991AA74E16774735Bf71c02d6E804cE4EbED09,168,94154
0xD0fCE7c7eC915A5629D1cb2D89D644199a4880a7,168,93244
0xD33526068D116cE69F19A9ee46F0bd304F21A51f,168,34516
0xD4B7D9bb20fA20dDADa9eCEf8a7355ca983cCCB1,168,107134
0xD8C978de79E12728e38aa952a6cB4166F891790f,168,55724
0xD95Be0e49472927AdAd417e5E62e2f087b8E210c,168,101116
0xDBB5Cf12408a3Ac17d668037Ce289f9eA75439D7,168,94200
0xDCc2A6f7cF14B5d2fc0f2731FAF0a37b914a0C82,168,93224
0xE0396Ef787F8B0385F0e73D30Acf8b922B1761F1,168,93134
0xE0797ec1d0bb0BEc541A82c5262C3B0f93F68bfe,168,52051
0xE7C6BF469e97eEB0bFB74C8dbFF5BD47D4C1C98a,168,46006
0xE83eA178D7FE5a7dfFD597d5e887d99d279Aa030,168,43112
0xEb10f39F428c5bC49807B242836439e61Fc9329B,168,26776
0xEb51B8dC2d43469c0F0b7365c8a18438907BDf21,168,93144
0xEd090248d02715EF9B88d4d6B1E9434f7f8f640A,168,72678
0xEf0182dc0574cd5874494a120750FD222FdB909a,168,92310
0xEfAEd650f1a94801806BB110019d9B0dc79531A8,168,82216
0xF21Ab54111EB5049e42f4794D2724658Baa42FC1,168,92502
0xF43F21384d03b5cBbddd58d2de64071e4Ce76AB0,168,92982
0xF75302720787c2a2176C87b1919059c4eAAc8B98,168,96862
0xF87E31492Faf9A91B02Ee0dEAAd50d51d56D5d4d,168,53177
0xFE3E6a25e6b192A42a44ecDDCd13796471735ACf,168,75578
0xFd655eB8fB0296DeeBFdFdc18a05a522186985e1,168,97456
0xFfE203b59393593965842439ce1E7D7c78109b46,168,92584
0xa130A2BC2e114c1f2f314128FD229D3eEED37963,168,27313
0xa47c8bf37f92aBed4A126BDA807A7b7498661acD,168,92654
0xa48B3b9Da11439701D7751207F1F3B23e49Ac63C,168,93318
0xa5b9305797768dF2e8D3Ae3B7ac670144643EfCa,168,72120
0xa74a05B17d72E9B0781d973e7963dfAACd266B94,168,94304
0xaA99fC695eb1bbFb359FbAD718C7C6dAFc03a839,168,143590
0xaD26bD98f0d72b87ECB324fea2444f983F753243,168,57146
0xaD86b91A1D1Db15A4CD34D0634bbD4eCAcB5b61a,168,74230
0xac8b968d7c45919eE468c0DF421A6EA1567A6cb4,168,77990
0xb060429d14266D06A8BE63281205668Be823604F,168,81926
0xb850ab54a7d4115B3ed850dA7FD3c8589dF73348,168,101883
0xbBa477999Ed5b067FDdbB1fe1797ba026D89eB23,168,50300
0xba62856E16CB3283d3B8E670B196B9Bb02902f30,168,71744
0xba8Cc48C0985F4EA1Ab3487AE4cfAb9F214C6a8B,168,67767
0xbe47e195607e408Dc1EDE1d67BfaEd6187197EAD,168,92594
0xc092A137df3cF2B9e5971ba1874D26487C12626d,168,75902
0xc3761EB917CD790B30dAD99f6Cc5b4Ff93C4F9eA,168,68710
0xc666081073E8DfF8D3d1c2292A29aE1A2153eC09,168,49178
0xc719d010B63E5bbF2C0551872CD5316ED26AcD83,168,59272
0xc739945b680B61a50113cb0243Fe2c8dc82e6FAC,168,51713
0xc8046aBF3846E6a68fCEEEE6867a7EE6F0f3C134,168,93198
0xcBC67Ea382F8a006d46EEEb7255876BeB7d7f14d,168,92426
0xcfcEcFe2bD2FED07A9145222E8a7ad9Cf1Ccd22A,168,96662
0xd055b033b2D72e4b2c26048c5d412026C1823015,168,45262
0xd1ba9BAC957322D6e8c07a160a3A8dA11A0d2867,168,46836
0xd31a2fc24843f70C2d0fDD4c36E1e0EFDc3748Ee,168,51828
0xd32CB5f76989A27782e44c5297AAba728Ad61669,168,92316
0xd5F7838F5C461fefF7FE49ea5ebaF7728bB0ADfa,168,106730
0xd665Ee841BE2F06ADc3f2cA56676F529a624347c,168,96574
0xd98582d351210f331C8E9f062b937C2fd0166128,168,89422
0xdDDdBba033EEe96812c714D4dc4db4267D26F140,168,93138
0xda0c0D0a0FF8262F3EE9Ee8A712B988Df897bE65,168,92746
0xdc580D4DC6b702b72a3511Ac1802FA700Ad182BB,168,51723
0xdc9Ac3C20D1ed0B540dF9b1feDC10039Df13F99c,168,49355
0xe2512A2f19F0388aD3D7A5263eaA82AcD564827b,168,75728
0xe77ad290adab2989a81Ae62Ab2467c01B45FeeFf,168,102428
0xe86142af1321eaac4270422081c1EdA31eEcFf0c,168,92902
0xe8Ff5C9c75dEb346acAc493C463C8950Be03Dfba,168,92308
0xec9333E7dAdeEbf82d290d6CB12e66Cc30ce46B0,168,93284
0xf1f955016EcbCd7321c7266BccFB96c68ea5E49b,168,46937
0xf3AE5d769e153Ef72b4e3591aC004E89F48107a1,168,53078
0xfD89EA92F6EC07d955e2adBBA2400Ca1a6369028,168,73110
0xfd0205066521550D7d7AB19DA8F72bb004b4C341,168,74882
0x1163b0a1A0E411018910A74bd0fF6f51BCF8f201,180,95270
0x1246cD7784c9600fADC5dFee9120643150726f0e,180,82526
0x16eC01a1C4A6748a209B2807338c68b9564Af896,180,95282
0x196141Cb3A26d5FB6ab67feEFAa11E1D2AED197B,180,125988
0x43f0aa62E2186BF4Ba5761DAd1160d80D0a7f0c9,180,99626
0x98129c60136a6f2B1d38d6DC0C3Fc23049086045,180,103134
0xBc557B7F678fDE9B3Be3BbdF0A73D1f171BeA7aC,180,103206
0xc55eDe660e3DF034e57DEE26D441B988b3B2DcFa,180,82554
0xf6F35B8D54686768B9a0dA4230a3949eaC60c1eB,180,82522
0x68ba9602B2AeE30847412109D2eE89063bf08Ec2,186,107854
0xF4a3e183F59D2599ee3DF213ff78b1B3b1923696,186,110070
0xdDb6F90fFb4d3257dd666b69178e5B3c5Bf41136,186,110097
0x1BC8FCFbE6Aa17e4A7610F51B888f34583D202Ec,192,276722
0x37996E762fA8B671869740C79eB33F625b3bf92a,192,461320
0xe3cBd06D7dadB3F4e6557bAb7EdD924CD1489E8f,192,131476
0x21d6eC8fc14CaAcc55aFA23cBa66798DAB3a0ec0,204,158459
0x38CAE57ba7F791baceE3fB44Aa30b34C65fA78C4,204,38299
0x018602173a73ad5A9117f9eF9E250c4d23539a1C,210,58030
0x01dF6fb6a28a89d6bFa53b2b3F20644AbF417678,210,75146
0x047AAEa166Ba318d827BdF6a07059b98408cE51b,210,119514
0x0774dF07205a5E9261771b19afa62B6e757f7eF8,210,79295
0x08389495D7456E1951ddF7c3a1314A4bfb646d8B,210,102254
0x0C969ceC0729487d264716e55F232B404299032c,210,70732
0x0d2E7FC72F669Cc287FC4A2d32BdA20ee5923d43,210,62562
0x137dDB47Ee24EaA998a535Ab00378d6BFa84F893,210,97985
0x14778860E937f509e651192a90589dE711Fb88a9,210,38927
0x16888C089C78775272e7cd25cB31Eb62dd42F470,210,42951
0x18eF464fD73Ed484c12339eAa5d5E3C8f6C48180,210,58189
0x19640000000ba88d36206BeB10D0e86011C8d08c,210,99126
0x1D16eE488cEB8C863F516B330D51856DD6DDBa5E,210,67808
0x1b61C055Fb1D9C719895187e4f19F45A623baeb1,210,42156
0x1bfBe54B5B9e8c39E59B02F85cC2D686c2ba7F3B,210,67820
0x201700b2577748b469ef078FFDC80B55Be5750aE,210,67808
0x2609dF43E246664c7c930303f9fCbc669f93FDA6,210,33868
0x289Ff00235D2b98b0145ff5D4435d3e92f9540a6,210,82242
0x28A11dA34a93712B1Fde4AD15DA217a3b14D9465,210,49415
0x3010ccb5419F1EF26D40a7cd3F0d707a0fa127Dc,210,92960
0x32B77729cD87F1EF2bEa4C650c16f89f08472c69,210,82339
0x3429d03c6F7521AeC737a0BBF2E5ddcef2C3Ae31,210,77163
0x370a366f402e2e41CDBbE54EcEC12aaE0cce1955,210,71089
0x39D5313C3750140E5042887413bA8AA6145a9bd2,210,107518
0x3D806324b6Df5AF3c1a81aCbA14A8A62Fe6D643F,210,61474
0x43C3EF32E52f17777789c71002ef4a887df90613,210,66278
0x43Dfc4159D86F3A37A5A4B3D4580b888ad7d4DDd,210,34664
0x475D3Eb031d250070B63Fa145F0fCFC5D97c304a,210,76645
0x47e6C835995EBBE597f127f636fa044eF4cF0e1E,210,40945
0x497a9A79e82e6fC0FF10a16f6F75e6fcd5aE65a8,210,54127
0x4F636Ab8672CDEB2Fdf681598fC5fa3EFe2e0078,210,68336
0x4e9fcD48Af4738e3bF1382009dC1e93eBFCE698F,210,45659
0x5010d6DB42d7F6058b7100A59e71F4c894fDCFe0,210,64337
0x540F6B7e4a56c0fF34663d8B75f05452c0aA9B48,210,67820
0x5Ca381bBfb58f0092df149bD3D243b08B9a8386e,210,52005
0x5Fbc2fFE91aC74E3E286bd7504b233F0e5291C69,210,99306
0x610dBd98A28EbbA525e9926b6aaF88f9159edbfd,210,38918
0x628A3b2E302C7e896AcC432D2d0dD22B6cb9bc88,210,102763
0x6551698ee65F5dB726E49F9ab0Ff1Ce9419003a7,210,123924
0x682b25790A6a699fC6B61541a92FF4Aaa8285d98,210,65746
0x6f80310CA7F2C654691D1383149Fa1A57d8AB1f8,210,51382
0x774FC664B829B80677C8f0fF1F42Cd3Ac9B4e42B,210,140143
0x792B18ec0D39093F10F8B34676e2F8669a495e9B,210,46177
0x7Fb30Aa2aF8262473b35a56fafd7499511009216,210,67808
0x8143182a775C54578c8B7b3Ef77982498866945D,210,75977
0x829eAC83B5287A665B9859bF8AA7F09467aF77D4,210,43715
0x8301AE4fc9c624d1D396cbDAa1ed877821D7C511,210,262836
0x8377Ff4AEd639CBd75223aa9a9caB257864591Ca,210,106567
0x85e076361cc813A908Ff672F9BAd1541474402b2,210,45000
0x88fd59e1DD3715A98bb66149DA9c944d9E795c12,210,41104
0x8DBA1f564458dd46283ca3a4CDf6CA019963aB42,210,78987
0x8dB253a1943DdDf1AF9bcF8706ac9A0Ce939d922,210,57145
0x909E34d3f6124C324ac83DccA84b74398a6fa173,210,93208
0x955d5c14C8D4944dA1Ea7836bd44D54a8eC35Ba1,210,30138
0xA7DAf1Eea7B2412e3532C5d05EdC036928c92fbd,210,37564
0xAE5e1317CD33c87Cc8CF614BB2F56dB1A8246852,210,39891
0xAE7EC5086DE29Bf9AA9d00ae2bcA5864ae10E0D0,210,54319
0xAEc613188B1E178d42a05d352044D54854C3196a,210,80373
0xB03753624eBCB4F4b00972C38aA5b831a15166b6,210,42068
0xB131F337C45D386cEeC234e194b2663D5c3d9dCF,210,98185
0xB20B9fb2657BC527CC8a5cb707071095113Cab3b,210,39955
0xB62E49aD5Ed5317Be30568bff343dD5DD1BFC379,210,69362
0xBA41Ddf06B7fFD89D1267b5A93BFeF2424eb2003,210,81034
0xBB0997aFD69327A564478fd67603e1072Fc42b2B,210,43266
0xBFDE5ac4f5Adb419A931a5bF64B0f3BB5a623d06,210,76360
0xBe428c3867F05deA2A89Fc76a102b544eaC7f772,210,34891
0xCE722f60F35C37aB295adc4E6bA45bCC7ca89Dd6,210,95653
0xE71bDfE1Df69284f00EE185cf0d95d0c7680c0d4,210,73396
0xE86DF1970055e9CaEe93Dae9B7D5fD71595d0e18,210,94399
0xEF3575D5E2dB2E2aE6f52017EF901730B72588B5,210,67820
0xEeB4d8400AEefafC1B2953e0094134A887C76Bd8,210,80470
0xF1cA9cb74685755965c7458528A36934Df52A3EF,210,49552
0xa426e678e9a6cd35f45dE49E8ef1024eA134210B,210,64569
0xa579472f17b6E1b6C5dED2A785067a89EC536ce8,210,57995
0xaeB3607eC434454ceB308f5Cd540875efb54309A,210,100244
0xc78B628b060258300218740B1A7a5b3c82b3bd9f,210,80707
0xcaBB195f076a558B1a477F4f85Be76B047975f62,210,67820
0xccC8cb5229B0ac8069C51fd58367Fd1e622aFD97,210,82651
0xd9Fcd98c322942075A5C3860693e9f4f03AAE07b,210,35228
0xe0ffDdF8fd7d63Cf907e433c9293069704D4d40D,210,94650
0xe5903Df9d94CbACC0B9696137316c74a2f1D8909,210,48054
0xe9aFDd44DaF400e67742973E47F2e2B911A738aa,210,66570
0xeA7B7DC089c9a4A916B5a7a37617f59fD54e37E4,210,78080
0xed1167b6Dc64E8a366DB86F2E952A482D0981ebd,210,81069
0xfe97b0C517a84F98fc6eDe3CD26B43012d31992a,210,75022
0x30c789674ad3B458886BBC9abf42EEe19EA05C1D,216,521088
0x72519fa6cd095C99d5d67e31ddc117409Bc5c047,216,110324
0xA106A0E6bDd7AAd579c55B7A64956FE274D649Db,216,109015
0xEe5EF1216CACD7bB30Ae9626f221476f4f943947,222,48201
0x00000000AE73cdD2d995658f420b5d6b00Da1494,228,92980
0xF8f5Cf018c77228A020D6eE1d50d1b7Ac1983f71,234,108270
0x5968AdA261A84E19A6c85830E655647752585ED4,240,127501
0xdf69DBeC5838d26579F508299944866A3608ec89,240,93368
0xFC1db08622e81b2AFd643318f6B8B79E9980A5e1,246,141742
0xeDb093a3cAFB7bf7E09129B964027CBCD99C1E1A,246,136858
0x0000000000007F150Bd6f54c40A34d7C3d5e9f56,252,50642
0x00000c8cdb9c621Fe5De13Fb127f6ab248200000,252,199497
0x0001A500A6B18995B03f44bb040A5fFc28E45CB0,252,110102
0x0258F474786DdFd37ABCE6df6BBb1Dd5dfC4434a,252,121542
0x033BbDe722EA3Cdcec73cFFEA6581DF9F9C257de,252,69016
0x03AA6298F1370642642415EDC0db8b957783e8D6,252,81152
0x056Fd409E1d7A124BD7017459dFEa2F387b6d5Cd,252,191343
0x06113abCeF9D163C026441b112e70c82EE1c4A79,252,141672
0x069f967be0CA21C7D793D8C343f71e597D9a49b3,252,55297
0x08F5A4CAA6CA0A9F7f8BE8cA170114C0256f2765,252,112702
0x08e014b9f7d47a5921DC664BB3F8A35E4a019412,252,57199
0x0A5935af2f40C713eFfcC74236Ff7a154A5C062b,252,51453
0x0a2C375553e6965b42C135bb8B15a8914B08de0c,252,139551
0x0d02755a5700414B26FF040e1dE35D337DF56218,252,117744
0x0eC78ED49C2D27b315D462d43B5BAB94d2C79bf8,252,160899
0x0f8CbdC544dC1D4Bd1bDafE0039Be07B825aF82A,252,163995
0x0fF6ffcFDa92c53F615a4A75D982f399C989366b,252,141984
0x157a6df6B74F4E5E45af4E4615FDe7B49225a662,252,86744
0x15Bcd2b717CEE298A9FFC6c92378Adc8b16C222E,252,53361
0x15CDf971FB7b5074b497Add287185AB64cc0c375,252,119234
0x15D4c048F83bd7e37d49eA4C83a07267Ec4203dA,252,81117
0x1645787DdCb380932130F0d8c22E6Bf53a38e725,252,153075
0x165c62448015d96c920dDA001Ae27733AF2C36c7,252,138477
0x193f4A4a6ea24102F49b931DEeeb931f6E32405d,252,80780
0x19d84B2A4B21910339aF097A1bDdB48682D6F47d,252,69977
0x19fA36139f28470261680d320d5b30D11cc079Fa,252,178074
0x1F8D600A0211DD76A8c1Ac6065BC0816aFd118ef,252,79091
0x1a4E7FeBd24B6689704B10685857D8B30885F05e,252,141432
0x1bfbe961901c790DB7fDfe42a7f17e369D9931c9,252,47883
0x1eA973A69643091410721C7D91aA5499CF8D2Cb7,252,47859
0x201332Bd45c8628D814F870bFb584B385A7C351e,252,64270
0x21BfBDa47A0B4B5b1248c767Ee49F7caA9B23697,252,93313
0x225e5b78F289C6D7d7757ad2B9d23b6ab31A5EEA,252,76556
0x240745704362b4839e2B767643782Af4E8C7300F,252,93121
0x260ab446cBf6DA3fE944da0E82d9B25D8561ae43,252,86200
0x26c8AFBBFE1EBaca03C2bB082E69D0476Bffe099,252,97894
0x26fF6D16549A00BA8b36ce3159b5277E6e798d18,252,93262
0x2Be8e422cb4A5A7f217a8F1b0658952a79132F28,252,73532
0x2C470515499E3ADA316A8c6d437BF028c659cE84,252,47883
0x2ba592F78dB6436527729929AAf6c908497cB200,252,57434
0x2f563C66Ebbf6D9F24c3cD9A085cD0AE261a739B,252,47883
0x320c1ca2BdDA1375174a98bFd06ED7C2D60e9842,252,145188
0x3301Ee63Fb29F863f2333Bd4466acb46CD8323E6,252,81046
0x352A85f3Fc82eCAC57F5e34e79d17939aD4FE37e,252,65811
0x386E7A3a0c0919c9d53c3b04FF67E73Ff9e45Fb6,252,153660
0x39b46B212bDF15b42B166779b9d1787A68b9D0c3,252,138549
0x3Ee320c9F73a84D1717557af00695A34b26d1F1d,252,163995
0x3bd7d4F524D09F4e331577247A048D56e4b67a7F,252,76214
0x3d58E5BF37e39F554B054B0e4c7EA060E81c3e82,252,95158
0x41D5D79431A913C4aE7d69a668ecdfE5fF9DFB68,252,37962
0x4298e4AD48be89BF63A6fDc470A4b4Fe9cE633B1,252,119343
0x4316e553902c3eAB807663001D089Fd6554A4566,252,435573
0x43ebbeda1AB50de58E2adBC071Ab78D27864B5e4,252,69123
0x47EAAa6f3742bE1331aF8F6a5482370f410D0F7e,252,71764
0x47f3A38990ca12E39255E959F7D97fBE5906Afd4,252,120209
0x49D78Bc6feE26a68A192cfe9AE96D72881ba953c,252,106848
0x49fb8ad7578148E17c3eF0C344CE23A66ed372C4,252,141618
0x4B5f49487ea7B3609b1aD05459BE420548789f1f,252,95482
0x4D56a556Ddf5010531CD4de79B994d2D1A73C2Ef,252,74978
0x4FC15c91a9c4A9efB404174464687E8e128730C2,252,58394
0x4d5F47FA6A74757f35C14fD3a6Ef8E3C9BC514E8,252,112028
0x5200B34E6a519F289f5258dE4554eBd3dB12E822,252,138687
0x52284158E02425290f6B627Aeb5FFF65eDf058Ad,252,138837
0x53c69da11f39EEcfA1910A0E858b79F74C4e7E81,252,47883
0x57D473a2854C0E225730081D18dcda6dA41e1fd7,252,153258
0x5845E5F0571427D0ce33550587961262CA8CDF5C,252,48684
0x584bC13c7D411c00c01A62e8019472dE68768430,252,98206
0x58cB30368ceB2d194740b144EAB4c2da8a917Dcb,252,60292
0x5Bbe23D5540b64A5E2b6fD72b40245d08c1cBf58,252,141222
0x5Ee3188A3f8aDee1D736EdD4AE85000105C88f66,252,55458
0x5aFE3855358E112B5647B952709E6165e1c1eEEe,252,99746
0x5b9089418248033FaDC4Dad3F8AE9a6b558A7Da2,252,118127
0x62B9c7356A2Dc64a1969e19C23e4f579F9810Aa7,252,93397
0x64506968E80C9ed07bFF60C8D9d57474EFfFF2c9,252,138129
0x65278f702019078E9Ab196C0Da0A6eE55E7248B7,252,99226
0x6532B3F1e4DBff542fbD6befE5Ed7041c10B385a,252,59192
0x68E2e5c9DFF32419A108713f83274a4Fb5e194CA,252,78070
0x69420C82c84B816280D883489c24e5Ec9Acb8e8f,252,122271
0x6A6c74a873d4e310c9C8538782f96673c3478493,252,107413
0x6aF53C6ec427525f7240E211941223288a0E7C66,252,106686
0x6b1a8f210Ec6b7B6643cea3583Fb0c079f367898,252,86436
0x6cB20b7D72B89da1457e5261920Cac85dbEfd3B6,252,92377
0x70618DD186Fe8a3AD377dc6fBd19278623e0eaEc,252,57590
0x726516B20c4692a6beA3900971a37e0cCf7A6BFf,252,72915
0x73fBD93bFDa83B111DdC092aa3a4ca77fD30d380,252,81068
0x749CDA693c2F29Bf894dF5b7060034cb675Ee631,252,72987
0x7C84e62859D0715eb77d1b1C4154Ecd6aBB21BEC,252,60724
0x7D29A64504629172a429e64183D6673b9dAcbFCe,252,93567
0x7EEB9b28833934Aa9f79DA82d29AEbFa29b779F3,252,138324
0x8270FC3B2d23DE703b265b2ABE008883954fea8E,252,138642
0x841FB148863454A3b3570f515414759BE9091465,252,93444
0x853d955aCEf822Db058eb8505911ED77F175b99e,252,93768
0x857FfC55B1Aa61A7fF847C82072790cAE73cd883,252,138522
0x85Eee30c52B0b379b046Fb0F85F4f3Dc3009aFEC,252,93341
0x85F17Cf997934a597031b2E18a9aB6ebD4B9f6a4,252,76280
0x865377367054516e17014CcdED1e7d814EDC9ce4,252,138411
0x879133Fd79b7F48CE1c368b0fCA9ea168eaF117c,252,58149
0x89d3c0249307Ae570A316030764D12f53BB191FD,252,51864
0x8Eb94A06b4716093DBfE335cbdb098DEb2dcdE1b,252,78931
0x8a2Ad15901013d819Cc1950bfaA6BA107c3060b4,252,51276
0x8fc17671D853341D9e8B001F5Fc3C892d09CB53A,252,76536
0x90A8b1c4FF04900658f32659B170C350d0fa774a,252,140838
0x944824290CC12F31ae18Ef51216A223Ba4063092,252,66032
0x96891f52f54D0Ae043b73DE4685D692a3f04c643,252,49695
0x97EE7162b916F4E9596A120F5c7F6F1b7ffA44df,252,99364
0x9E3EA51316fF0D05A129bdff9CF8aa5257b89022,252,53361
0x9F24818c84B357Ee05CFB2F2c1537C73c7Cb1502,252,96546
0x9b465aaB9e8F325418F222C37de474b1bD38ded2,252,118715
0x9fbC367B9Bb966a2A537989817A088AFCaFFDC4c,252,118529
0xA36ECCA8B7624D224F01CD6649C8afAd3Da12C3D,252,104082
0xA735A3AF76CC30791C61c10d585833829d36CBe0,252,55129
0xABe6B6965B62D4cf0E11f88Aa6085f6E6D9176d8,252,47883
0xB1784920611a1891cA029B32d0939c7731a2Fe8f,252,38849
0xB56AaAc80C931161548a49181c9E000a19489C44,252,75246
0xBB6aeF1C7EFec130b44ea6897bca3f38Adeb3F78,252,47883
0xBE1947c9756872A3BE9cF5112014f438465139Cb,252,47883
0xBFE77Ed6D3e1f8668b3bdFF9CCBf6D20c366dc11,252,66966
0xBFb1aE86Af9d75850b3677eC80D8710a39B5e647,252,47883
0xBa0Ae7069f94643853Fce3B8Af7f55AcBC11e397,252,92817
0xC4f6E93AEDdc11dc22268488465bAbcAF09399aC,252,41585
0xCC8Fa225D80b9c7D42F96e9570156c65D6cAAa25,252,80495
0xD1F2586790a5bD6DA1e443441df53aF6EC213D83,252,140055
0xE59B419Fac4b9B769c4439e7c4Fde22418F11c89,252,98626
0xE8F0635591190Fb626F9D13C49b60626561Ed145,252,148404
0xEd3D4e446A96dC3b181B64B75c3c70dA41dC3CBe,252,81624
0xF0d33BeDa4d734C72684b5f9abBEbf715D0a7935,252,83276
0xF7554EAC0bF20d702E69d08C425E817ABb976AeA,252,139776
0xFD957F21bd95E723645C07C48a2d8ACB8Ffb3794,252,64288
0xFcF8eda095e37A41e002E266DaAD7efC1579bc0A,252,56277
0xFee1db36c0618c11B8604cf3f5e43B6EcfC47657,252,120381
0xaF04f0912E793620824F4442b03F4d984Af29853,252,139773
0xbDbfDaD500bCF0079C2DD8a63b0f7f2Af1de3C3a,252,140946
0xbd31EA8212119f94A611FA969881CBa3EA06Fa3d,252,184893
0xc0CfBe1602dD586349f60e4681bf4BADCA584eC9,252,62095
0xc328a59E7321747aEBBc49FD28d1b32C1af8d3b2,252,102540
0xc47db7535B063a494F3619317b7633041737C8e9,252,141726
0xc4A725351216291782fb2feDeC7F0F11E9547988,252,66974
0xc770EEfAd204B5180dF6a14Ee197D99d808ee52d,252,93098
0xcc20850f1907bE2aAB7474B9819112e37e630D7b,252,122889
0xcf463025d9253BDD15F6f0211d8A7B22aD31585C,252,74116
0xcf5EA1b38380f6aF39068375516Daf40Ed70D299,252,257684
0xd2877702675e6cEb975b4A1dFf9fb7BAF4C91ea9,252,93382
0xd794DD1CAda4cf79C9EebaAb8327a1B0507ef7d4,252,58290
0xd8b5994da8Bd594BC46b498056095C1EBB40097F,252,138450
0xdfEf6416EA3e6Ce587ED42Aa7cb2E586362cbBFa,252,102982
0xefC5f77c5AD5DB85bc287E80d8c3B88c3f27662C,252,100970
0xf0bb20865277aBd641a307eCe5Ee04E79073416C,252,138621
0xf285D2cf4c33d7c7F7baC27a65cCF22dDE18058b,252,47883
0xfd418e42783382E86Ae91e445406600Ba144D162,252,85916
0xCc2bE05A69B52E27Fd550F19169B4D6BfB144605,258,114920
0x173552602c32DFfdf5C95cD0CCA956811244bBe6,264,75856
0xa69e234a1f55072201127209a18230E89d9E71aC,264,256842
0x0514f6025063C2Da15eb0096AB3f70043e4b8Cb8,276,313516
0x47861E0419BE83d0175818a09221B6DF2EFD7793,276,106547
0x51C4a227D59E49E26Ea07D8e4E9Af163da4c87A0,276,106593
0x8c30f3061C736538Ba71Fd8955CE1a811ED0D668,276,87558
0xD80a805c86C14c879420eC6acb366D04D318fC0C,276,106581
0xa0bB1ebf52A9307F30509d3b385754c33B7F2E26,276,103628
0x5d6eE955364e42950D19349CB4288D13F5d8E662,282,214417
0x7F93064656604041F3ECa8FF3a2D0f825E072F87,282,273785
0x7ac2caB05328e9B3e3214F1B3b7cE6Dadd0c4E1b,282,78813
0x07af1E1D4C12780e3b63395244dB9E66f5C2a14E,294,62416
0x09d92c109b475Dd513292C76544B4E250dA13faA,294,103806
0x0BdA9d7185A9885eCb1770d4793389bE5DA2e576,294,59565
0x0bb104C8A3ba07D1B9dAE6C2eAceD7f279314b9e,294,72809
0x10039a64Ab4C2513963C2A00fA5768Bb02E2274B,294,45904
0x1776B223FF636D0d76aDF2290821f176421DD889,294,68292
0x186eF81fd8E77EEC8BfFC3039e7eC41D5FC0b457,294,104100
0x1b894Ad527896027BcEd83E1bDBfEf1f8B057b1B,294,66741
0x1e30afeB27C0544F335f8aa21e0A9599c273823A,294,143629
0x236501327e701692a281934230AF0b6BE8Df3353,294,107803
0x27054b13b1B798B345b591a4d22e6562d47eA75a,294,54605
0x2B0243F5a0f8c690BCdAE0e00C669e45E44d6A0d,294,66635
0x2CC861aA34C7311CD18fCd145f7f7E04dF76F4a3,294,266924
0x2d33Bfe1c867346543Ac245396DFc6c3EBc8534F,294,61176
0x2e85ae1C47602f7927bCabc2Ff99C40aA222aE15,294,141522
0x3Af2A97414d1101E2107a70E7F33955da1346305,294,61270
0x3AfDcC7E3d3Ea09B4251A08A8EFa2a58e182d8C7,294,92418
0x3B9BE07d622aCcAEd78f479BC0EDabFd6397E320,294,75242
0x3EA30722D895d530d63a3FEfdfda6fB351594C67,294,66076
0x3FD7e03F86E97762C0883545cf6Cfa9354e18416,294,64293
0x3aFfCCa64c2A6f4e3B6Bd9c64CD2C969EFd1ECBe,294,93578
0x3b484b82567a09e2588A13D54D032153f0c0aEe0,294,123042
0x4206929f30142Bcbc39c3Aed61BD9D76b4c9203D,294,66288
0x454aA564028268771252f63b333aA7F5438806BA,294,61356
0x4cE6c369516560b1e6Fa49d41096746293C0A87f,294,62828
0x536381a8628dBcC8C70aC9A30A7258442eAb4c92,294,102866
0x54A2abDb84Ca8aCC19C1d04702345ae80Bcc4A56,294,68132
0x560363BdA52BC6A44CA6C8c9B4a5FadbDa32fa60,294,122605
0x6243d8CEA23066d098a15582d81a598b4e8391F4,294,53833
0x6250b989ecf7cb82c7892E1CEA604eD813423635,294,64657
0x656C00e1BcD96f256F224AD9112FF426Ef053733,294,161476
0x683989aFc948477fd38567F8327F501562C955ac,294,123274
0x6995Ab7c4D7F4B03f467Cf4c8E920427d9621DBd,294,46387
0x6F7cEC1286890d7bc450FE2016AB3B6542e34222,294,48953
0x71D1e9741DA1E25fFd377be56D133359492B9C3B,294,61381
0x73E0C0d45E048D25Fc26Fa3159b0aA04BfA4Db98,294,114626
0x7714f320Adca62B149df2579361AfEC729c5FE6A,294,90046
0x791A991B89b1D982454d3afbE45a22e416fb23bF,294,75558
0x7CdBfC86A0BFa20F133748B0CF5cEa5b787b182c,294,108649
0x81D6A3c844A9fB452ED069e9fc16cf37f137a58E,294,66125
0x8285fBc29e0A58cF40763745E9eD305D3DcFFDe4,294,59371
0x85614A474dBeED440d5BBDB8aC50b0f22367F997,294,127026
0x881Ba05de1E78f549cC63a8f6Cabb1d4AD32250D,294,96623
0x88b9f5c66342eBaf661b3E2836B807C8cb1B3195,294,61933
0x8cDBd7010Bd197848e95C1FD7F6E870AaC9b0d3C,294,60518
0x8f98f9ae2f2836Ed3a628c23311Ad9976B9fBF1B,294,94744
0x946565Eb1A7987b80EA84f7820742fB7F0256196,294,68132
0x984326ea61bCCB85Cdf4F8FF342d0FDa6A2c4856,294,62885
0x996d67AA9b37df96428ad3608cb21352BF1FDB90,294,82731
0x9F2b334139a3c130E2E0B96d5C8FdbEa3DA06a88,294,63785
0xAAcbc3725e0aF980E8aA9dF4c4441a625B387a91,294,60907
0xAf2CA40d3fc4459436D11B94d21FA4b8A89fB51d,294,108508
0xB586D1Dc01178CE79046E00Ede62A3218722dfdD,294,46330
0xB9f29969E5aB22DeeC107129064B5Fd56e6b9367,294,61356
0xBB2d7d435aEA219850d1cbB89C08F3c673C6dCf9,294,61356
0xC178994cB9b66307Cd62dB8b411759Dd36D9C2EE,294,37496
0xC20c2EA5fC5f26200f3339512f336c2ecE41FC18,294,128607
0xC26ab5130b74a1A57726afCd90a8d5C44A3acCD0,294,64218
0xD0f0d5E036D1f4c6524e0B58cB52F85b03a76E09,294,59325
0xD374410E9BB22f3771fFBd0b40A07c0Cf44a04FC,294,98435
0xD9016A907Dc0ECfA3ca425ab20B6b785B42F2373,294,83337
0xDFD8f984b9573166e30422CDE8729923b609f6d8,294,63238
0xDFDb7f72c1F195C5951a234e8DB9806EB0635346,294,105363
0xEEAcC51Af745846DDf46012B46C6910ea9b12898,294,107186
0xF63E309818E4EA13782678CE6C31C1234fa61809,294,74969
0xF70a642bD387F94380fFb90451C2c81d4Eb82CBc,294,64114
0xFE8526A77A2c3590E5973bA81308B90BEA21FBFF,294,119607
0xa1D100a5bf6BFd2736837c97248853D989a9ED84,294,111165
0xa444EC96Ee01bB219A44B285De47bf33C3447ad5,294,76354
0xa63e8DdA009E9079124c1E3678F4932BB8061f4d,294,61356
0xa74476443119A942dE498590Fe1f2454d7D4aC0d,294,105793
0xaE99a698156eE8F8d07Cbe7F271c31EeaaC07087,294,71941
0xbeef698bd78139829e540622D5863E723E8715f1,294,70888
0xbf5495Efe5DB9ce00f80364C8B423567e58d2110,294,144203
0xc687141c18F20f7Ba405e45328825579fDdD3195,294,131882
0xc9aEf7419446c6DfCB89CcbD0Edb38f548C22239,294,61356
0xd564C25B760cb278a55bDD98831f4ff4B6C97B38,294,119960
0xd5EB7E91Ae88Ea2550F9bFD04208399c95dF4dC7,294,141639
0xdBc63dEd1f67b8192a86431dA3e7B570755c5d21,294,71729
0xedA8DB2F0F8F00f0aeDD6Fdd756402Ed86cd002f,294,115244
0xf0bDe5Ee13004eD38dAB7ae48201b7BA3C76FE59,294,63866
0xff56Cc6b1E6dEd347aA0B7676C85AB0B3D08B0FA,294,54553
0x1f2Deef0066B5ea22D703f434df7733ab6B93bE8,306,84024
0x1fAd26aee30fB59C201DC9d58ae5e67D9b78cC5c,306,84008
0x6dd655f10d4b9E242aE186D9050B68F725c76d76,306,135859
0x7FF83bF3e56BD3Ce6F92Dc36E15B916da456b0D3,306,84020
0x94B18793b93B524B110FeAd408b955422b982FA4,306,84024
0xA11350bB543B21e988FBb3Be4fE538C547386f2f,306,59410
0xE27855bA0dE5743FD6a178a370660415784e8E6A,306,84020
0x2c03e8BF8b16Af89079852BE87f0e9eC674a5952,312,347924
0x3E819F3F15f52C2287645c93C93B27e6863E9853,312,104368
0x62753C4b3903b9cB54d0765AA340E124c9934aE6,312,104319
0x789b56fDE60678bfc3786474dE23126A0B45ED02,312,87255
0x8D20Ae1a6D9E23b8cea3F7825F9bfFA953105763,312,104327
0x5F8D647Ff69bE85fe2f005867Fbb552C623928c5,324,150443
0x88FF1e5b602916615391F55854588EFcBB7663f0,324,553398
0xBA61F25dd9f2d5f02D01B1C2c1c5F0B14c4B48A3,324,553357
0x02f92800F57BCD74066F5709F1Daa1A4302Df875,336,139553
0x0c9663115b36Fa95D18E71D59054117BCb0342Ef,336,61881
0x10Be9a8dAe441d276a5027936c3aADEd2d82bC15,336,102852
0x1634e10C9155BE623B5a52d6CA01C7A904D89b0a,336,66513
0x1BB4aFbF2cE0C9ec86E6414ad4Ba4d9aab1c0De4,336,73649
0x1a3A8Cf347b2bF5890D3D6A1B981c4f4432C8661,336,170744
0x22514fFb0d7232a56F0c24090E7B68f179FAA940,336,171064
0x2653891204F463fb2a2F4f412564b19e955166aE,336,98608
0x279f1ABB8649eA5AF64AFACC6511cb41f512bEC1,336,61095
0x2BbEbFECA0fEbde8C70EF8501C991f3AB2095862,336,78827
0x300e7A5fb0Ab08aF367d5fb3915930791bB08C2B,336,73572
0x3106a0a076BeDAE847652F42ef07FD58589E001f,336,133106
0x31aAF705Fa77A3a7C7B22C1890c387A36b3E1718,336,64701
0x33333333FEde34409Fb7f67c6585047E1F653333,336,93526
0x34c4EBA1966B502dfCF0868b6f271d85CC8A2312,336,65374
0x3BE60395660444409ab4802c99b3f59e57A54616,336,102254
0x3D7b8d296f7D8E37ce57E556DEa3dd6CB01B2F03,336,95341
0x3a5051566b2241285BE871f650C445A88A970edd,336,61577
0x3a7F5F5569366521Ae8a852E22d24703C6EA9702,336,74964
0x3bFD67ac75769D8c1F7ABfbd658C7FA8dD549b19,336,93360
0x40D16FC0246aD3160Ccc09B8D0D3A2cD28aE6C2f,336,156791
0x40FD72257597aA14C7231A7B1aaa29Fce868F677,336,98276
0x423f4e6138E475D85CF7Ea071AC92097Ed631eea,336,166208
0x53ff9D648a8A1cf70c6B60ae26B93047cc24066f,336,81258
0x5401b8620E5FB570064CA9114fd1e135fd77D57c,336,184560
0x5BcD9225209f2242F98EE414d1d57b2A6E1b8b47,336,58750
0x5C9E2f42634027a962E41e4cD0f461592F61fC9E,336,81594
0x5f9772c051BBeb27f1CB2a1A59D21BfF98bBE058,336,101714
0x618679dF9EfCd19694BB1daa8D00718Eacfa2883,336,144451
0x6570fFe19dA7e2b425329B157d9109b87f18304b,336,69134
0x666d875C600AA06AC1cf15641361dEC3b00432Ef,336,91150
0x66bFF0d18513c648690eDCdF5993C9da8c632ec8,336,133664
0x6988A804C74Fd04F37DA1EA4781CEa68c9C00F86,336,130036
0x69D9905B2e5f6F5433212b7F3c954433F23C1572,336,93870
0x6B00de202e3Cd03c523CA05d8b47231DBdD9142b,336,40508
0x6C8550167BbD06D4610a6A443eCbEd84Bd1AccD6,336,205328
0x6DF0E641FC9847c0c6Fde39bE6253045440c14d3,336,161524
0x6a6c2adA3Ce053561C2FbC3eE211F23d9b8C520a,336,193860
0x7122985656e38BDC0302Db86685bb972b145bD3C,336,185824
0x728f30fa2f100742C7949D1961804FA8E0B1387d,336,81478
0x72D120B9C47dA21eD704e843B2C970ca743DB175,336,183760
0x730151B8286Ca0508a19A9D5c47Fe91fDd9A6737,336,100098
0x73c23731EA7cd12eAc3F9f0921db352419D27bCC,336,81566
0x75231F58b43240C9718Dd58B4967c5114342a86c,336,46990
0x765f0C16D1Ddc279295c1a7C24B0883F62d33F75,336,119978
0x7f89F674B7d264944027E78e5F58Eb2bbBB7cfA3,336,134664
0x81b8A3Cd650F09f456D10E7058f515964dE9fF1a,336,97028
0x8292Bb45bf1Ee4d140127049757C2E0fF06317eD,336,116498
0x84A1fE5cA05266994Ef31F868dd0AE5de75e0747,336,73977
0x8A94dBFB613958E0cd78B4461EdCFc9c97d9B708,336,35259
0x8a90CAb2b38dba80c64b7734e58Ee1dB38B8992e,336,186912
0x8b9b95292f890DF47fFf5aC9Cbe93d5fC242bd51,336,144448
0x8e0E57DCb1ce8d9091dF38ec1BfC3b224529754A,336,102874
0x922D8563631B03C2c4cf817f4d18f6883AbA0109,336,70516
0x9378368ba6b85c1FbA5b131b530f5F5bEdf21A18,336,61675
0x971add32Ea87f10bD192671630be3BE8A11b8623,336,128674
0x975Ca3E12fc78Ae25A1c5648A72b8cc852eF8215,336,186116
0x98AB7eaaCB2f5157A40A9d1dE6C2AbD1a73ef9fa,336,46821
0x9Cf0ED013e67DB12cA3AF8e7506fE401aA14dAd6,336,150980
0x9FDBc11A8CDb04551081c5F019FA266fDCb5cF44,336,188596
0x9b5C38cC2d1bA05Ed87C8f8A2418475bAcb20073,336,69294
0x9cA8530CA349c966Fe9ef903Df17a75B8A778927,336,135193
0xA1290d69c65A6Fe4DF752f95823fae25cB99e5A7,336,191876
0xA35b1B31Ce002FBF2058D22F30f95D405200A15b,336,214348
0xA974c709cFb4566686553a20790685A47acEAA33,336,81684
0xA9B1Eb5908CfC3cdf91F9B8B3a74108598009096,336,81968
0xAC51066d7bEC65Dc4589368da368b212745d63E8,336,81318
0xADE00C28244d5CE17D72E40330B1c318cD12B7c3,336,68872
0xBA50933C268F567BDC86E1aC131BE072C6B0b71a,336,86318
0xBBc2AE13b23d715c30720F079fcd9B4a74093505,336,37900
0xC1da113c983b26aa2c3f4fFD5f10b47457FC3397,336,64810
0xCb76314C2540199f4B844D4ebbC7998C604880cA,336,186488
0xD101dCC414F310268c37eEb4cD376CcFA507F571,336,108388
0xD2639676dA3dEA5491d27DA19340556b3a7d58B8,336,113168
0xD46bA6D942050d489DBd938a2C909A5d5039A161,336,168367
0xD528cf2E081f72908e086F8800977df826B5a483,336,38299
0xDF8666608e327310C6A4010AAD83D96ef04Fe37c,336,125628
0xE012Baf811CF9c05c408e879C399960D1f305903,336,72493
0xE0C8b298db4cfFE05d1bEA0bb1BA414522B33C1B,336,82980
0xE9732d4b1E7d3789004fF029f032bA3034db059c,336,186060
0xF19308F923582A6f7c465e5CE7a9Dc1BEC6665B1,336,123455
0xF32e58F92e60f4b0A37A69b95d642A471365EAe8,336,127248
0xa7F4195F10F1a62B102bD683eAB131d657A6c6e4,336,119677
0xa84f95eb3DaBdc1bbD613709ef5F2fD42CE5bE8d,336,127406
0xa93e133abf3B5877832E7DbAeD99fD9c802DeCD6,336,97794
0xb7def63A9040ad5dC431afF79045617922f4023A,336,64663
0xb8de22e7a5ea047C2f73d87E7626dfcD93EdBEC0,336,73778
0xba386A4Ca26B85FD057ab1Ef86e3DC7BdeB5ce70,336,168300
0xd1169e5349d1cB9941F3DCbA135C8A4b9eACFDDE,336,57696
0xd1CA8f6aBb2FAE5a35d62C2E9584e49e13fa001C,336,77438
0xd89239186180617CFE17e8b73B2b8bd9C96D0A15,336,61690
0xd8967B2B15b3CDF96039b7407813B4037f73ec27,336,89113
0xd9D920AA40f578ab794426F5C90F6C731D159DEf,336,218304
0xdBdb4d16EdA451D0503b854CF79D55697F90c8DF,336,98758
0xe01f7ee9E637c17dF805b5747adeF23C62d3ECFC,336,62699
0xf2fDD9c25D7BC8002ce89716d1be484b2D976944,336,130564
0x7e0d063180bBC02FC419EBeBED488f321dd051D7,348,68964
0x94F98416CA0DC0310Bcaeda0e16903e19307539F,348,58433
0x6023d72C2F27dE291b3404eAD43704de2066c005,354,101500
0x08DAf71eFA7915807bc5675aD402989d7820cF6f,360,67936
0x4591fd0C3160CDbFef4caf804Df3e45dA23aF56a,360,63662
0x65AF8Af9E39921d5ec9700E646B8300f76139101,360,130841
0xC3796091919eE4dAF288D76cf687f2c80C9335aF,360,165028
0xCE0FD5c046DDDC05311567156f2E9974A5875BeA,360,64948
0xb8Fe492D13FA49449F68371CA1Dd4866Dfa606eC,360,64948
0x5Ac34C53A04B9aaA0BF047e7291fb4e8A48f2A18,366,49359
0xCe0cC1bBd23Db9F661928C08249c650DFFFbd07f,366,92458
0xE1C3f463E2F57752dE04a1333AA55970819BdC4E,366,144606
0x21Ec102c3688E9Ea05605545216ebC9a21461D81,372,179143
0x3b9A62c6dD4D93f8A6FA4A350DA32D28fac80863,372,134323
0x000006fD692D20d2404a334c22A404af3b2DaaC6,378,110607
0x0C30476f66034E11782938DF8e4384970B6c9e8a,378,255394
0x0c56f29B8D90eea71D57CAdEB3216b4Ef7494abC,378,107418
0x17D964DA2bD337CfEaEd30a27c9Ab6580676E730,378,207972
0x1F57da732A77636D913C9a75d685B26CC85DCC3A,378,111120
0x1FDD61eF9a5C31B9a2abC7D39c139c779e8412Af,378,110633
0x26EbB8213fb8D66156F1Af8908d43f7e3e367C1d,378,153357
0x2dA719DB753dFA10a62E140f436E1d67F2ddB0d6,378,103581
0x2fF99EE6b22AeDAefD8fd12497E504B18983CB14,378,175484
0x30bf3E17CAD0baF1d6B64079Ec219808d2708fEb,378,207153
0x362033A25B37603d4C99442501FA7B2852ddb435,378,115383
0x3976d71e7DdFBaB9bD120Ec281B7d35fa0F28528,378,55377
0x42a856dbEBB97AbC1269EAB32f3bb40C15102819,378,87082
0x440d4BC1f4BF8468C370ffBefa471FdEA0a1f838,378,96653
0x4478260Da07FD1dbFaBa4B55FD5d24B32ef8a6a8,378,66498
0x4691937a7508860F876c9c0a2a617E7d9E945D4B,378,86138
0x47000A7B27a75D44FfaDfe9D0B97fA04D569B323,378,113250
0x525A8F6F3Ba4752868cde25164382BfbaE3990e1,378,115683
0x5392BD00571157Fa11103b0eE6D492c9563a6799,378,45858
0x56072C95FAA701256059aa122697B133aDEd9279,378,132363
0x60215DB40B04Fe029C42c56fF2E02221c1F288ef,378,115408
0x61032448676BE34eC82FF7F94C7Ce3aDc455F122,378,98834
0x635EF0056A597D13863B73825CcA297236578595,378,189909
0x64F2095CC11e4726078F4A64d4279c7e7fB7e6Ec,378,44623
0x67405cadb820c2D89B8d6dA3E42ef6A39089C831,378,59903
0x70EDF1c215D0ce69E7F16FD4E6276ba0d99d4de7,378,106155
0x769272677faB02575E84945F03Eca517ACc544Cc,378,108054
0x784BC33B9f8fC8e8dE76Dbd3c7b393D747D60bc4,378,230944
0x7A58c0Be72BE218B41C608b7Fe7C5bB630736C71,378,98370
0x822Ef17F200566aD574b546078521276f37cD11C,378,58405
0x841a3083074b1a40b644bf2ba2491a731b6da277,378,156900
0x87C679FAe0cDc3075b79fab82130D40669F37005,378,51046
0x8ACe1D7dFa18EDaafE04Cada19024D4ABb3008a3,378,57566
0x8AFE4055Ebc86Bd2AFB3940c0095C9aca511d852,378,132306
0x8be8c50e7D7aCFf6084899e71a6Db085fF7134C8,378,188360
0x910812c44eD2a3B611E4b051d9D83A88d652E2DD,378,72111
0xAc1B4E17bf0195Dbf0931E5dDC406B0Ec7e69662,378,229459
0xB4A3B0Faf0Ab53df58001804DdA5Bfc6a3D59008,378,98160
0xB8A4350eDaFD7af34164Dd5870e49E28393FF3ec,378,156645
0xC128a9954e6c874eA3d62ce62B468bA073093F25,378,246835
0xCC7ed2ab6c3396DdBc4316D2d7C1b59ff9d2091F,378,135672
0xD75FC2B1ca52e72163787D1C370650F952E75DD7,378,146760
0xE929a0EbAF86c39E9E20D250ca3cD746b6231E54,378,90092
0xaFDC922d0059147486cC1F0f32e3A2354b0d35CC,378,127036
0xb17811b0B118B107A4fB5b7DDD8E1cd32ce52Fc1,378,62885
0xbEc252E41CE0Dc961E122376A9a9B031cAcaB7c5,378,122391
0xc06caEAd870d3a8AF2504637B6C5b7248BEd6116,378,100441
0xc555D625828c4527d477e595fF1Dd5801B4a600e,378,188510
0xea3eed8616877F5d3c4aEbf5A799F2e8D6DE9A5E,378,122772
0xff27073A1AA350188625e4C67e24aB8a2c764d90,378,113089
0x0Fb0978F28AaEF210F783dD0C19571eDd2442F96,384,91395
0xa2bF58cBAefFc76F8433B7B8492010aC8A51ef80,384,127776
0x192CF9B90F4b04572731897C9f6F2e3FA1196333,390,174681
0x75663d5D96D57059F578F4BE8f58Dd92e05eC23e,390,73812
0x96FDEd00C9f1bf1f0f57305A90F63bcC4A99C356,390,73860
0x3E2EA17aB054C6e966A6a222C2706F4F9EEF8B2F,396,103957
0x4EB3b728349fa489d15aDd330064F98f06BD9366,396,97708
0x83e109B3394D30ab4855F9D15e0CF050ECE28c5b,396,97708
0x21D7bFd7B7dD227695053298E3dF4578A636a3D1,408,66200
0x29b5162cA97145DD6b28D400e74503dAf4b4C5c0,408,66200
0x48183B84b8c366dae4c2ccF7e21E93E06416E2dc,408,66200
0xBe1B7039cd33d3DA835BC82ccFE39bE05E5684ea,408,66200
0xF4Ef823D57819AC7202a081A5B49376BD28E7b3a,408,143433
0x00000000000ea4af05656C17b90f4d64AdD29e1d,420,98972
0x000000000060C4Ca14CfC4325359062ace33Fe3D,420,98804
0x017ad2974D260Abf9ce8c8EdF02cd54F7ccE691A,420,224352
0x04C154b66CB340F3Ae24111CC767e0184Ed00Cc6,420,214677
0x06561dC5CEdCc012a4EA68609b17d41499622E4c,420,174598
0x0921799CB1d702148131024d18fCdE022129Dc73,420,90828
0x092a46E0De94d630fe6fe6Ee117f0e7d2A3634fb,420,47242
0x0ab87046fBb341D058F17CBC4c1133F25a20a52f,420,108936
0x112b08621E27e10773ec95d250604a041f36C582,420,176660
0x17BcA420EbDeCa7063ee708fBC1C76254b206E08,420,47242
0x1f6692E78dDE07FF8da75769B6d7c716215bC7D0,420,113540
0x2565ae0385659badCada1031DB704442E1b69982,420,98658
0x2f85E502a988AF76f7ee6D83b7db8d6c0A823bf9,420,94126
0x349309bF0E9DBd00A5deec29bF415F48171159C6,420,84136
0x364C828eE171616a39897688A831c2499aD972ec,420,233397
0x3E5A19c91266aD8cE2477B91585d1856B84062dF,420,154728
0x439024d06bf92DA052D5f3A91ba501A6d617D45a,420,152403
0x443459D45c30A03f90037d011CbE22e2183d3b12,420,215060
0x470c8950C0c3aA4B09654bC73b004615119A44b5,420,215093
0x47369f68166aAeEC7B6A1b55f875a22e780Eb488,420,103616
0x474021845C4643113458ea4414bdb7fB74A01A77,420,134275
0x4CbF47a53d6294CFB73f051D0A303cF68Bc68b22,420,119772
0x519C1001D550C0a1DaE7d1fC220f7d14c2A521BB,420,139731
0x549020a9Cb845220D66d3E9c6D9F9eF61C981102,420,156870
0x59468516a8259058baD1cA5F8f4BFF190d30E066,420,107186
0x5d285F735998F36631F678FF41fb56A10A4d0429,420,157269
0x657e8C867D8B37dCC18fA4Caead9C45EB088C642,420,231003
0x66f85E3865D0cFDC009acf6280a8621f12e46CCf,420,231795
0x69c531E5bdf2458FFb4f5E0dB3DE41745151b2Bd,420,86874
0x73728B344499598e96842C2A9094a5c960888888,420,191380
0x738865301A9b7Dd80Dc3666dD48cF034ec42bdDa,420,86108
0x79F05c263055BA20EE0e814ACD117C20CAA10e0c,420,308571
0x7A56E1C57C7475CCf742a1832B028F0456652F97,420,251067
0x7B87D4fe25014fFA83fD76Ec16FBD6991807f943,420,87130
0x7C68e725b0B2FfCBa8947FdEd4198C3d1Db041E6,420,194620
0x82AFAa243C4d79FE410e7c310359b68910cE9ec2,420,110937
0x85bEA4eE627B795A79583FcedE229E198aa57055,420,215702
0x88062FE2751f3D5cEC18F6113A532A611632ae79,420,175074
0x8971f9fd7196e5cEE2C1032B50F656855af7Dd26,420,86562
0x8A60E489004Ca22d775C5F2c657598278d17D9c2,420,212329
0x8AAC7c5BB3F2b04269c1aF650751988423F2CAa8,420,47242
0x8B12BD54CA9B2311960057C8F3C88013e79316E3,420,71114
0x8fe4ceA3835eFF16C5F2d6F1daF3B7C684211559,420,233083
0x90551c1795392094FE6D29B758EcCD233cFAa260,420,120712
0x93a370f5a0d2583471Fd0214953af9235710d067,420,47242
0x94Da67311B441C2091A6718F72491981B112C76d,420,121240
0xA62Fc0BA9Deeee9336511741c2Dfc4F5b00E128B,420,69028
0xB4b9DC1C77bdbb135eA907fd5a08094d98883A35,420,119799
0xB5C6892D1A25b5a556951457Ba308d31d2Ba79e7,420,158063
0xB98d4C97425d9908E66E53A6fDf673ACcA0BE986,420,91434
0xBAac2B4491727D78D2b78815144570b9f2Fe8899,420,122034
0xBB26df665c594C723B746F68010D4dEDBd441c8C,420,81890
0xC477D038d5420C6A9e0b031712f61c5120090de9,420,131321
0xC7963974280261736868f962e3959Ee1E1B99712,420,137794
0xCD4Ee6c8052Df6742e4B342cF720FF3ac74F415e,420,127496
0xCe9a6626Eb99eaeA829D7fA613d5D0A2eaE45F40,420,191790
0xD5C4800aD0cF814a75f4dcA774Daa0e726135Ef8,420,59279
0xD79a595F839D020eb6C9d921c82d32d8E8291E39,420,107698
0xDA987c655ebC38C801DB64A8608bc1AA56Cd9a31,420,156968
0xE35A55C31A6b65c1492009B3E0af5085E13e727b,420,88830
0xEC213F83defB583af3A000B1c0ada660b1902A0F,420,101000
0xbb1EE07d6c7BAeB702949904080eb61f5D5e7732,420,122933
0xbf2179859fc6D5BEE9Bf9158632Dc51678a4100e,420,69964
0xc08bc955Da8968327405642D65a7513cE5EB31ED,420,102493
0xc5f0f7b66764F6ec8C8Dff7BA683102295E16409,420,96596
0xc77336FdD91e22c737B0f5EC33f4c429Caa1D13b,420,72206
0xd47bDF574B4F76210ed503e0EFe81B58Aa061F3d,420,166464
0xe495d6a20eA72859534930af96c87EdA9022Dd40,420,119154
0xec2bC2B25Ab6ED8e669E202CD0Ee533e24C9A068,420,236021
0xf5Ace4907851421C033CaACC06C1a93FAcaf0628,420,53537
0xf8C3527CC04340b208C854E985240c02F7B7793f,420,126166
0x10735EE0fc1Dd066bDFd794Bd90153c081BC4605,426,160992
0x4275104523C0f04DC392770eCfdA580a4d3FEA25,426,175836
0x792be7e90204716e2517d7CaB587A249a772b31c,426,215092
0xd60247c6848B7Ca29eDdF63AA924E53dB6Ddd8EC,432,269650
0x4800f8662600C7126C44298d72D3681671212AEB,438,79374
0x29e2d0F5c5603a5ff98Fff154C90B2B2778F82bd,444,106263
0x4976fb03C32e5B8cfe2b6cCB31c09Ba78EBaBa41,444,96435
0x5e4861a80B55f035D899f66772117F00FA0E8e7B,444,107501
0xd42D4417D7f757BAD6A5EA5E40a53649fD50B349,444,104791
0xf5b7562791114fB1A8838A9E8025de4b7627Aa79,444,97758
0x2ef309a441288AeC0BC66f497D926E5A07d7f5A0,450,242829
0x344d5E57Fba7753f190154099440ef2e858bF24a,450,85478
0x8Ab7404063Ec4DBcfd4598215992DC3F8EC853d7,450,74381
0x91437bE39adf8083367B837007BC53213e871E98,450,63043
0x27ca963C279c93801941e1eB8799c23f407d68e7,456,111305
0x42545Ed06681Ef9406Cd6946E2fd6B615505aeF2,456,170111
0x9035C0bA5A4Cd5E306771734C5F431491e090717,456,145652
0xE6086858b572Afd3194A608DC11eC5b955fF6C44,456,151053
0x06824C27C8a0DbDe5F72f770eC82e3c0FD4DcEc3,462,83649
0x06A01a4d579479Dd5D884EBf61A31727A3d8D442,462,156850
0x106d3C66d22D2DD0446df23D7F5960752994d600,462,118660
0x2bB84fd8F7eD0FfAe3da36AD60d4D7840bdeEADa,462,77802
0x35fA164735182de50811E8e2E824cFb9B6118ac2,462,264234
0x367e59b559283C8506207d75B0c5D8C66c4Cd4B7,462,71223
0x3e055f7021fbce3C452255E8Eb8f74AE735af185,462,63487
0x57e5528B0827B7380806B0f436Fd6440064d1d42,462,109508
0x5939783dBF3E9f453a69Bc9DDc1E492eFac1fBCB,462,85759
0x595832F8FC6BF59c85C527fEC3740A1b7a361269,462,201166
0x5978C6153A06B141cD0935569F600a83Eb44AeAa,462,50639
0x61E90A50137E1F645c9eF4a0d3A4f01477738406,462,169864
0x77C846c62DC7A04cc108A5D6285Ad4D1259cDF11,462,74595
0x78965B1c638a7Ff408d1697a96d7b8E47Bb7C75F,462,60818
0x7ABc8A5768E6bE61A6c693a6e4EAcb5B60602C4D,462,157493
0x7f792db54B0e580Cdc755178443f0430Cf799aCa,462,165957
0x8207c1FfC5B6804F6024322CcF34F29c3541Ae26,462,40837
0x94be07d45d57c7973A535C1c517Bd79E602E051e,462,261992
0xA09E6f797223AF66f3088aB8df35b2419165ea07,462,102845
0xBA86B748e045A5e0fe1AE633B031195Ab97A7333,462,61060
0xCAC88fBd9b3fB2b018BE2b68e3C55aa90628BE6E,462,138070
0xCF91b70017eABDE82c9671E30e5502D312eA6eb2,462,105513
0xE20c31e3d08027F5AfACe84A3A46B7b3B165053c,462,96369
0xEbf5c58b74A836F1e51d08e9C909c4A4530AFD41,462,161984
0xF0Dc9fc0669f068e04aD79f7d70618D3f9Aad439,462,158329
0xFbD5fD3f85e9f4c5E8B40EEC9F8B8ab1cAAa146b,462,101203
0xa39C54dD19017453af9aD8F92f1c171aB10Ee849,462,70915
0xb9d4B6DC1e1Ee3577CC442dE015CC11F238B35ed,462,48965
0xba0Dda8762C24dA9487f5FA026a9B64b695A07Ea,462,145148
0xeD35af169aF46a02eE13b9d79Eb57d6D68C1749e,462,189055
0xf06617fBECF1BdEa2D62079bdab9595f86801604,462,108320
0xfb55F43fB9F48F63f9269DB7Dde3BbBe1ebDC0dE,462,73850
0x2AF5D2aD76741191D15Dfe7bF6aC92d4Bd912Ca3,468,134482
0x380275805876Ff19055EA900CDb2B46a94ecF20D,468,77445
0xCF446713DDf0E83F7527A260047f8Ae89eFaE3e5,468,348302
0x611192364cc6962F433A5dc52cD500A423dd7bE4,474,83671
0x7B0517E0104dB60198f9d573C0aB8d480207827E,474,144780
0xb7d188eb30e7984f93Bec34Ee8b45A148bd594C6,474,144780
0x008EbCCaE39d001200c3003c3225ce0A00690066,480,1110684
0x2658723Bf70c7667De6B25F99fcce13A16D25d08,486,846986
0x4c175eE61C3c1da847E339e1158D61BBd2537046,486,1520983
0xa6d85F3b3bE6Ff6DC52C3aaBe9A35d0ce252b79F,486,1530520
0x0000000000085d4780B73119b644AE5ecd22b376,492,112907
0xAD47352017A7172efAf3017c6e1f115326974196,492,88533
0xa139F849000C5438855032eBFeed9Ee104023a73,492,138737
0xc65433845ecD16688eda196497FA9130d6C47Bd8,492,260948
0x346Dba8b51485FfBd4b07B0BCb84F48117751AD9,498,951463
0x6F2aF87135FEfbd60bc3b4478f0770640c125B6D,498,77973
0x8473d4aFc3f43A4f9B5e105820fa67E66FB0C7B4,498,100361
0xaC11B241DDB06A419501c670e608A3b58EaF6373,498,152746
0xae0Ee0A63A2cE6BaeEFFE56e7714FB4EFE48D419,498,92729
0x0193B85c38337EB90338Ed8660810ba66c548b62,504,152008
0x03Be5C903c727Ee2C8C4e9bc0AcC860Cca4715e2,504,174364
0x0Ab296F1C69c33a0c36f6AbBA2427dC563A804FD,504,75498
0x0a2A015A15A8E019aBc386FEE88B8A6d7A0D90df,504,161664
0x14d18d8C2DEdacAf3511Af8a6387dd7049C83DC2,504,74480
0x152649eA73beAb28c5b49B26eb48f7EAD6d4c898,504,233379
0x2541A36BE4cD39286ED61a3E6AFC2307602489d6,504,192068
0x270Ca21eB1a37CfE0e9a0e7582d8F897E013CdFf,504,60152
0x32b86b99441480a7E5BD3A26c124ec2373e3F015,504,203687
0x340D2bdE5Eb28c1eed91B2f790723E3B160613B7,504,148360
0x38B86004842D3FA4596f0b7A0b53DE90745Ab654,504,202648
0x4CC19356f2D37338b9802aa8E8fc58B0373296E7,504,154981
0x527F788aEaf856ad2E2c7096b5aAB634BFF281b8,504,167524
0x5Ab06cf65a2b367CE9DD0b2b2E748669472F2Ff3,504,105522
0x5BDd1fA233843Bfc034891BE8a6769e58F1e1346,504,121306
0x5FD48ca1212A409CA1020Ea43B49f7EC40010435,504,119031
0x75cfb64305Acc6741C90E04363e38cA5c0E9B7Fb,504,614622
0x76e222b07C53D28b89b0bAc18602810Fc22B49A8,504,157354
0x77FbA179C79De5B7653F68b5039Af940AdA60ce0,504,74468
0x79173709785CeF04B1a1D5cb37972c169403Ad4B,504,91949
0x80eD012ef8dcd8e3A347D9034487AeBd991bfDA5,504,80794
0x817bbDbC3e8A1204f3691d14bB44992841e3dB35,504,195646
0x8248270620Aa532E4d64316017bE5E873E37cc09,504,229361
0x89d584A1EDB3A70B3B07963F9A3eA5399E38b136,504,139323
0x8c9532a60E0E7C6BbD2B2c1303F63aCE1c3E9811,504,161631
0x8e729198d1C59B82bd6bBa579310C40d740A11C2,504,131346
0x91Af0fBB28ABA7E31403Cb457106Ce79397FD4E6,504,78448
0x961C8c0B1aaD0c0b10a51FeF6a867E3091BCef17,504,186854
0x967da4048cD07aB37855c090aAF366e4ce1b9F48,504,292278
0xB17548c7B510427baAc4e267BEa62e800b247173,504,111351
0xC5c84c5b07e927178C001B87F3Cdf7ca1B36Ea68,504,85457
0xCC4304A31d09258b0029eA7FE63d032f52e44EFe,504,228660
0xD3418772623Be1a3cc6B6D45CB46420CEdD9154a,504,88465
0xD4F4D0a10BcaE123bB6655E8Fe93a30d01eEbD04,504,208183
0xD664b74274DfEB538d9baC494F3a4760828B02b0,504,288327
0xD8912C10681D8B21Fd3742244f44658dBA12264E,504,174620
0xDF2C7238198Ad8B389666574f2d8bc411A4b7428,504,135265
0xE5dB5128935e3a8a8eAEABe4577Fac2b353aE9fA,504,244338
0xF433089366899D83a9f26A773D59ec7eCF30355e,504,91538
0xF8a0A167BEa66247425ef9CB9B622a4B320B8bB6,504,224272
0xb4078E779F4a982f27109522E2BA07dd9E133252,504,87840
0xb5130F4767AB0ACC579f25a76e8f9E977CB3F948,504,278982
0xb60FDF036F2ad584f79525B5da76C5c531283A1B,504,80730
0xbdC7c08592Ee4aa51D06C27Ee23D5087D65aDbcD,504,130000
0xc750eCAC7250E0D18ecE2C7a5F130E3A765dc260,504,160698
0xcAb254f1a32343f11aB41fbdE90eCB410cDe348a,504,278850
0xcDd26Eb5EB2Ce0f203a84553853667aE69Ca29Ce,504,167586
0xca76BF98B6e44DF7360Da8650E701f6D9D94Bb58,504,121008
0xd19b72e027cD66bDe41d8f60a13740A26C4be8f3,504,186537
0xd441c2B3b67788A741851200daA0033A17E05558,504,70573
0xdDF7Fd345D54ff4B40079579d4C4670415DbfD0A,504,144348
0xe9689028eDE16c2FDFE3D11855D28f8E3fC452a3,504,203766
0xeF5E3e60BD031498318Ac97cF55db74357256282,504,153046
0xf3dcbc6D72a4E1892f7917b7C43b74131Df8480e,504,128625
0xFaE1701bC57FC694F836F0704642E15E43C88d3A,510,220087
0x1A9a4d919943340B7E855E310489e16155F4ED29,522,86096
0x6EA5a344d116Db8949348648713760836D60fC5a,522,1941076
0x7d85C0905a6E1Ab5837a0b57cD94A419d3a77523,522,126922
0x99F2B89fB3C363fBafD8d826E5AA77b28bAB70a0,522,667171
0xc5A0A17eABBB0e64dCD567B5670C8C5D5c34128c,522,115925
0x61213a6Ae6c957442D0FCBCEa2218b762A5431cd,528,128528
0xC5d5457EAd63CC15Caac302FFF02B5A2fED03c46,528,211064
0x058c1cFfB966802Db3E488f880DC6733A1df68A3,534,80518
0x220B7eebD8974Aa9dcFF93371BC554e03236E57E,534,80431
0x2f925542d1689258Be55F87e17FCd8B7480d76f0,534,85309
0x52ACCDAD20BbE35A7aB278fDF3bcBdd80F743b2d,534,97519
0x702E181Ccf1A3E58F6512dE9564dBA45E9584664,534,92096
0x79d968d9017B96f202aD4673A2c1BBbdc905A4ca,534,246027
0x814EEfc6EbEDf943f115BCDbcf928F39e908d7ea,534,105549
0xaC22bd01f0164085773D5F793f35e268731BdF88,534,62489
0xb46F2634Fcb79fa2F73899487d04acfB0252A457,534,120089
0x21eDE61141066718C259Cf41527068c124dB6edf,540,83249
0x5cc0103c10b74D2865f778Da3321e629e44B9f6D,540,206513
0x9F0491B32DBce587c50c4C43AB303b06478193A7,540,130424
0x1151CB3d861920e07a38e03eEAd12C32178567F6,546,370560
0x1220868672D5B10F3E1cB9Ab519E4d0B08545ea4,546,208096
0x2e45d47B2f0d0a23500e9148882B136914Cc1f65,546,106308
0x33D933cdb77BE8469C113b4C8162473B72430Cc2,546,94080
0x35D8949372D46B7a3D5A56006AE77B215fc69bC0,546,276497
0x40A9658bD4251557f9a4D4E7098a07A1AA28D03E,546,94245
0x6b15602f008a05D9694D777dEaD2F05586216cB4,546,114093
0x71Ab77b7dbB4fa7e017BC15090b2163221420282,546,121502
0x73e4BeC1A111869F395cBB24F6676826BF86d905,546,164722
0x8CB5416edBce99AA1cAf3e16b594F97272E7b500,546,107798
0x8bAF5d75CaE25c7dF6d1E0d26C52d19Ee848301a,546,117913
0x91fbB2503AC69702061f1AC6885759Fc853e6EaE,546,230253
0x98Dc31A9648F04E23e4E36B0456D1951531C2a05,546,196738
0x9bb4404231056B105aFCD2861E6b2F5284de5b97,546,71607
0xCD18eAa163733Da39c232722cBC4E8940b1D8888,546,88244
0xac3E018457B222d93114458476f3E3416Abbe38F,546,244422
0xc06bF3589345A81f0C2845E4Db76bdb64BBBbc9D,546,116028
0xcccCb68e1A848CBDB5b60a974E07aAE143ed40C3,546,203164
0xe3c408BD53c31C085a1746AF401A4042954ff740,546,212151
0xf859A1AD94BcF445A406B892eF0d3082f4174088,546,141682
0x60c7B0c5B3a4Dc8C690b074727a17fF7aA287Ff2,552,62822
0x83F3DA5aa2C7534d694B0acde7624573c830250D,552,126503
0xA4755Cd68CA2092447c8c842659a2931f9110320,552,126527
0xD04Cf183526aDC4a37B72D49bFe6eE19d9E19bd0,552,215998
0xE41677500B425999cB4133950ca3aB79eA7470a6,552,126503
0xB81Fc5000E3b25194Ee81642A101544778360e1F,564,176821
0x1D3a30c894F581F0b7295E1bdBED268818318c13,570,96962
0x09dC5e9E842Aec39348A35eD98661fDD33897fe4,576,126345
0x3ee9c4ee95473B5f753df15697628AB6d74a28e5,576,73923
0x8357B8B211a02D8D0D2e1D947f7A4898Cfc5AF41,576,168821
0xCE5B47FA5139fC5f3c8c5f4C278ad5F56A7b2016,576,79645
0xbBEb3f18c74599AF86460c85B62d099962a2cfF9,576,128038
0xbbFE09CD1754452cA8B6BDC984732053e3F38c68,576,107254
0x80846B546BaecE682496cAAF8B8AbA62c65CB0E4,582,107846
0xB244b3574a5627849fca2057E3854340Def63071,582,94069
0xa404F66B9278c4aB8428225014266B4B239bcdc7,582,80919
0x0FD10b9899882a6f2fcb5c371E17e70FdEe00C38,588,176501
0x0f2D719407FdBeFF09D87557AbB7232601FD9F29,588,138771
0x167478921b907422F8E88B43C4Af2B8BEa278d3A,588,366967
0x1890cF752f1be4D60f3b22168c7A6aFEbd9D74C7,588,103506
0x18b40db3Db1c579FEFC13f99a3aA65d545aae9b6,588,78171
0x1C4853Ec0d55e420002c5eFaBc7Ed8e0bA7A4121,588,110507
0x21cD589a989615A9e901328D3c089bbca16d00b2,588,329320
0x249cA82617eC3DfB2589c4c17ab7EC9765350a18,588,239878
0x2614f29C39dE46468A921Fd0b41fdd99A01f2EDf,588,269378
0x27702a26126e0B3702af63Ee09aC4d1A084EF628,588,186230
0x27C70Cd1946795B66be9d954418546998b546634,588,191639
0x2b8661DA32F829A153e9662f398F16e8e62eb4aF,588,136960
0x2dfF88A56767223A5529eA5960Da7A3F5f766406,588,178104
0x361A5881f18b968422E9258cB7c1FA53FF4cdD38,588,131938
0x365597aA12D7E7C0Feaf864dFe88Fe46118Ae066,588,77472
0x3883f5e181fccaF8410FA61e12b59BAd963fb645,588,133100
0x39509d8E1dD96CC8BAD301EA65c75c7deB52374c,588,115610
0x40787B15B30835c8DA910b3Da62c7d5691CC5C65,588,98062
0x41300Ba2F09d5e8Ff6a82f6056516Ca1bDd41CE6,588,137448
0x447B343fDf6B22354Ac939B9B45bcD76A491C502,588,104456
0x521DF2a0D6cfeb304f488237d2C97Ef70e232055,588,82856
0x579a3bDE631c3d8068CbFE3dc45B0F14EC18dD43,588,118237
0x5E3D723c0CB363127D4a6ab5D43d504A17a5c05D,588,73983
0x5d3a1Ff2b6BAb83b63cd9AD0787074081a52ef34,588,96009
0x628fDA7a32B88834244a3F170aD0ae14E0ccb7b4,588,184550
0x6368e1E18c4C419DDFC608A0BEd1ccb87b9250fc,588,158376
0x6E79B51959CF968d87826592f46f819F92466615,588,324467
0x6F5c81fe067AE25AFD52218F140a73D51f0C6B31,588,265905
0x6bfDB6f4E65Ead27118592A41eB927cEa6956198,588,267080
0x6ef69Ba2d051761aFD38F218F0a3cF517D64A760,588,114822
0x7138Eb0d563f3F6722500936A11DcAe99D738A2c,588,96032
0x7Ddc52c4De30e94Be3A6A0A2b259b2850f421989,588,194874
0x823556202e86763853b40e9cDE725f412e294689,588,188097
0x8dc73A9168d48b2A1094Cd8Fb7Af6b0bC5E68dbb,588,136960
0x917ceE801a67f933F2e6b33fC0cD1ED2d5909D88,588,323661
0x9b69667F602f15ef2D09a9a18489c788e327461E,588,102767
0xA74aE2c6FCa0CEdbAef30A8CEEF834B247186bcF,588,195860
0xAF921C4Ac53354B2a915ff5b3b9771Ed01A7e5Ec,588,80026
0xAddB6dC7E2F7caEA67621DD3Ca2e8321ade33286,588,158672
0xB1F1ee126e9c96231Cc3d3fAD7C08b4cf873b1f1,588,186271
0xBC30e564052a622d6b50170b73fF14ee49eEaDE0,588,118446
0xBb2b8038a1640196FbE3e38816F3e67Cba72D940,588,323094
0xC3cE480376A6340e0A4CDd3E4843BDC0bc765a45,588,122210
0xC7068FFf81F3a5B8C49CF6d35B3Bc524c3f045e9,588,119200
0xCa530408C3e552b020a2300DebC7Bd18820fB42F,588,233747
0xD1e64bcc904Cfdc19d0FABA155a9EdC69b4bcdAe,588,76392
0xD417144312DbF50465b1C641d016962017Ef6240,588,279745
0xFAe103DC9cf190eD75350761e95403b7b8aFa6c0,588,336856
0xa0246c9032bC3A600820415aE600c6388619A14D,588,157644
0xa0b4E76770cbC2E9B9816e899fb3D160c4D75D2D,588,199779
0xa6422E3E219ee6d4C1B18895275FE43556fd50eD,588,150839
0xb31eF9e52d94D4120eb44Fe1ddfDe5B4654A6515,588,200519
0xb4a0C535564A4edc96c543e4864DDd6291a704e4,588,117647
0xdB24e2474C8d444d0e3E5Dd080015C6dE5B75CDC,588,184518
0xdE8964E4E0406eb3074491EE67Fc9dC45719215c,588,83030
0xdF290B162a7D3E0A328cF198308D421954f08b94,588,125878
0x5f4ea55444339a6Edf19a57906245aC1CeD2e7c5,594,92492
0x86fD9cA64014b465d17f1bFBBBCFBEC7ebD8b1Bd,594,66547
0x875441460a25abbAf1A6A0E466A6f80084687320,594,125567
0xCe1cE7c7F436DCc4E28Bc8bf86115514d3DC34E8,594,106566
0x48962A9c70dabdC708109837EfF7c3aDE8f886d4,600,179630
0xbEbc44782C7dB0a1A60Cb6fe97d0b483032FF1C7,600,149186
0x2ed6c4B5dA6378c7897AC67Ba9e43102Feb694EE,606,73654
0xeAD901CE4786d4e97B35cb07905a4ed0B35B4d7D,606,227009
0x2B3C1760A126275002CF7eA003Fa4D513cc89f0D,612,251759
0x4e0554959A631B3D3938ffC158e0a7b2124aF9c5,612,270450
0x4e0A22606a1AbAA857Ec4958ae9B0B38451dFF4A,612,177576
0xAD016C9565A4aEEC6d4cFC8a01c648eCbea1A602,612,204145
0xB2eCc25C0B3af0039d4d9dDDfCeC19e958618963,612,128474
0xeCB71CBff76dB6828Fe7F4BD7598d39841b3966b,612,84065
0x2a378c8D96e7d994FB9bEc6adb7C6AF2fe772c3b,618,111582
0x55f0583638c0641C0bff803009C419Aae6df556C,618,93268
0xAf000d2594DfEA1d04693243311d2D71e8879A06,618,94905
0xB6CAa87E86F3bfF0961DE98d0C2FD31883A3805B,618,98480
0xD92e44Ac213b9EBda0178E1523cc0cE177b7fA96,618,107099
0xf36A8F9bd4eeCEeE1a26Fe8c6a12A775D961042E,618,87545
0x069c4c579671f8c120b1327a73217D01Ea2EC5ea,624,735648
0x1c5Dbb5d9864738e84c126782460C18828859648,624,160474
0x2F12d621a16e2d3285929C9996f478508951dFe4,624,841818
0x43edB88C4B80fDD2AdFF2412A7BebF9dF42cB40e,624,841854
0xA2576894493E5c2dA06DC62Df6789D95ecC49581,624,122756
0xa5c539bE01849d83acfae7d952E940fc0636888f,624,174467
0xe5965Ab5962eDc7477C8520243A95517CD252fA9,624,841842
0xec6dE7031CE1A284d13B551EF8C4C04b6FDF773c,624,183526
0x028eC7330ff87667b6dfb0D94b954c820195336c,630,87082
0x04B31274Fd979E3231828c25450D6142E188B493,630,196513
0x13d074303C95a34d304F29928dC8A16dEc797e9E,630,294426
0x20D2fC481FbD1a0b6b453904D56A9dA8E0D4128e,630,134034
0x2e00F977d778787d65bd303ADA2fde472C1d9158,630,129834
0x379465CB31C8ee9Ea2650dB98A77033d0Db807F1,630,236357
0x418D75f65a02b3D53B2418FB8E1fe493759c7605,630,375756
0x4F9583aDe66408d7864a056a32c44C486Fc61DF7,630,236357
0x4Fabb145d64652a948d72533023f6E7A623C7C53,630,164925
0x4b4920eB96b9d7455f5C109c39a747D878dd2270,630,196513
0x54D2252757e1672EEaD234D27B1270728fF90581,630,227632
0x57B49219614859176Ddb029298486B6c30193Cbd,630,176688
0x5f944B0c4315Cb7c3a846b025AB4045da44abf6c,630,180103
0x66087d2f2923a63e48F930cf95A10641817e28E9,630,155619
0x69420E3A3aa9E17Dea102Bb3a9b3B73dcDDB9528,630,232604
0x7037ae030238C688dd7bB421d4A4f78d7684533A,630,222940
0x74641ed232dbB8CBD9847484dD020d44453F0368,630,100555
0x75fF2d554AfE3f9631BcBcd28d24CFFc8Dd27642,630,174655
0x774E3Cd2980c800b32B34dA141044893Baa7618e,630,196513
0x8240aCfED41fd695D022d5C78959e3F0A9fa38c8,630,196513
0x82a605D6D9114F4Ad6D5Ee461027477EeED31E34,630,267963
0x83C0A700114101D1283D1405E2c8f21D3F03e988,630,61524
0x85200561c221d544D6E385cf6dB45f6E84fca084,630,236357
0x880d3dA6FCFAb0D7F8996d5a6C90834462cDd2a0,630,196513
0x89ca762f778c82120C13C79A9bFbDF6e8e663AB4,630,289465
0x91b384643dC7803660ff732383A0A453A0591814,630,196513
0x94a8b4EE5CD64C79D0Ee816f467EA73009f51aA0,630,293455
0x9C070027cdC9dc8F82416B2e5314E11DFb4FE3CD,630,254126
0xA7F050EFA20fFa7D9831573aF0Ad31b0c59F0C93,630,132316
0xAaAAAA20D9E0e2461697782ef11675f668207961,630,179196
0xBa96d9F4B68eac3008B90Ecd981b5D304238a8F4,630,196513
0xC2FF810b1c486B4e24dbA8dE19D1977C98f6Ab9D,630,204182
0xC581b735A1688071A1746c968e0798D642EDE491,630,179067
0xCF078DA6e85389de507ceeDE0E3d217e457B9d49,630,218249
0xCdF7028ceAB81fA0C6971208e83fa7872994beE5,630,147918
0xCefdE37817da4FC51dDc24e3820ad316784Ee04b,630,62174
0xDb7953291396c7d43a1EeE22a3Cb4Cd9775254F6,630,236357
0xE886FeAF307214014c3acD4cf2F848aF4ca97feE,630,236357
0xbebb41B1EF08191154cA8a599aD7e421Ca2F32d5,630,236357
0xc7287780bfa0C5D2dD74e3e51E238B1cd9B221ee,630,225489
0xc7E8b36E0766D9B04c93De68A9D47dD11f260B45,630,131795
0xcDbddbdEFB0eE3eF03a89AFcd714aa4ef310D567,630,246374
0xe39B5f5638a209c1A6b6cDFfE5d37F7Ac99fCC84,630,213513
0xe8fC52b1bb3a40fd8889C0f8f75879676310dDf0,630,258110
0x6788234F40931Ca615b0D221c1afbf0Ec07AFCc5,636,78773
0x80008BCD713c38AF90a9930288D446bc3bD2E684,642,269028
0x089248E869AEcd66199b64637207D366D6Cfe92D,648,479528
0x18BE1CC348B251aA00F0df66a0Ae5A710808B747,648,505180
0x5BB8F95DC4ADB5C8A3b089CfA60e30ba2E8b3327,648,114698
0xc003BE0fAF0B06F66FDf8264540B6A1e2e93faa3,648,91622
0x4AB44c7e881Ee37CB02bc0c98547A0bBfaD9291B,654,105248
0xE55d97A97ae6A17706ee281486E98A84095d8AAf,654,55868
0x7e060cAcbFE4368492205B33B56BD8acc4F5c53B,660,89504
0xB0D502E938ed5f4df2E681fE6E419ff29631d62b,660,124001
0xa7d8d9ef8D8Ce8992Df33D8b8CF4Aebabd5bD270,660,152182
0x26d6A8B2DF727EDF20Dd73F5E4754d94e52E0716,666,75942
0x34C0bD5877A5Ee7099D0f5688D65F4bB9158BDE2,666,160020
0x0BaDF36Fa17a5c5BFB552d56400c0894dD0387d2,672,300352
0x0a3476c1EA4eF65416016876c67E1a14E3575D73,672,80174
0x156994E6CABeA296E7A73cf3742355bF71a64Cec,672,355060
0x1ef1B6bb65cc49c3819eC9F2053000984Cd7bEb7,672,198330
0x27E00382b0C3eCd74d1505e8CD73706d79D0Bd54,672,128681
0x2C06BA9e7F0dACcbC1f6A33EA67e85bb68fbEE3a,672,171252
0x30A2dE7CD73882e7c056e6783cEebA3EAA7c7FB7,672,126269
0x30d872350Fe74f47C85847D6784B42f9b0816f04,672,138762
0x32f4768FC4A238A58fc9da408d9a0Da4333012E4,672,161368
0x3E9BC21C9b189C09dF3eF1B824798658d5011937,672,205872
0x4123a133ae3c521FD134D7b13A2dEC35b56c2463,672,138932
0x4CB67cfee180B6B73B70c7B3fC162E5FCF6532f1,672,138810
0x5283D291DBCF85356A21bA090E6db59121208b44,672,186003
0x536580914cDA50C7B74BA2cB693A38fFa4784D82,672,98586
0x5732046A883704404F284Ce41FfADd5b007FD668,672,146672
0x590246Bfbf89b113D8ac36FaEeA12B7589f7FE5b,672,59103
0x5C026B7107f1F92a9768CF64f8B2a22252B0788d,672,138798
0x5e3f09AB25548616B4b97F6163Ff19Cf6027930d,672,271647
0x67283c357053185F0eF0dF2F2a37f8191114Dfb7,672,466604
0x6810e776880C02933D47DB1b9fc05908e5386b96,672,237620
0x68749665FF8D2d112Fa859AA293F07A622782F38,672,217876
0x77777FeDdddFfC19Ff86DB637967013e6C6A116C,672,138708
0x7A13cD97D442856FF5387d55a7b3F09bf680102B,672,139554
0x7E7D01e39aE07ba3653aE967CA35Abbe73fD5b44,672,147954
0x7dA2641000Cbb407C329310C461b2cB9c70C3046,672,255020
0x814e0908b12A99FeCf5BC101bB5d0b8B5cDf7d26,672,144436
0x81720695e43A39C52557Ce6386feB3FAAC215f06,672,68513
0x825459139C897D769339f295E962396C4F9E4A4D,672,158420
0x826180541412D574cf1336d22c0C0a287822678A,672,267052
0x8C237520a8E14D658170A633D96F8e80764433b9,672,54475
0x8f3470A7388c05eE4e7AF3d01D8C722b0FF52374,672,180856
0x96512230bF0Fa4E20Cf02C3e8A7d983132cd2b9F,672,171997
0x98727FB35AdDf1eE92d62B36CeabFF1b5d3E2503,672,132786
0x9ABFc0f085C82Ec1Be31D30843965FCC63053fFe,672,371992
0x9c9499edD0cd2dCBc3C9Dd5070bAf54777AD8F2C,672,87862
0x9ff58067Bd8D239000010c154C6983A325Df138E,672,259734
0xAE12C5930881c53715B369ceC7606B70d8EB229f,672,80320
0xAFb979d9afAd1aD27C5eFf4E27226E3AB9e5dCC9,672,83164
0xB2c5d104F481d0BEb056842bD5312BE6Fd831429,672,370488
0xB69753c06BB5c366BE51E73bFc0cC2e3DC07E371,672,207711
0xB74eDfDE0752EA5CE2352FB404617c42F945AaF6,672,159524
0xC52C326331E9Ce41F04484d3B5E5648158028804,672,241390
0xE5CAeF4Af8780E59Df925470b050Fb23C43CA68C,672,185640
0xa1faa113cbE53436Df28FF0aEe54275c13B40975,672,75412
0xa436C9048d4927ff69943278aAe0E426f9f68755,672,195588
0xaaAEBE6Fe48E54f431b0C390CfaF0b017d09D42d,672,195296
0xbDbE9F26918918Bd3F43a0219d54e5fDA9ce1BB3,672,78578
0xc1DCb196BA862B337Aa23eDA1Cb9503C0801b955,672,136117
0xc221b7E65FfC80DE234bbB6667aBDd46593D34F0,672,177151
0xc5fB36dd2fb59d3B98dEfF88425a3F425Ee469eD,672,184481
0xc61eDB127f58f42F47a8bE8aeBe83cF602A53878,672,130844
0xc668695dcbCf682dE106Da94bDE65c9bc79362d3,672,154044
0xeBb66a88cEdd12bfE3a289df6DFEe377F2963F12,672,172193
0xea4bc384184A5ccB02A079eA76931C57732C5De4,672,105705
0xf21661D0D1d76d3ECb8e1B9F1c923DBfffAe4097,672,310037
0xE93FBBC93937bf345f20799e20Be874E5709e65e,678,213144
0x040235C58C65E66Ac538d46473B8B6A4F6177E8C,684,374115
0xA4252F2A68b2A078c86E0569eB7Fb872A37864AF,684,97211
0x3bfe113fe756a66C96A8945E00474B1b2377bFb1,690,141180
0xb3d891C05febd428B782C242BF94Dc73613549c9,690,176176
0xaF07131C497E06361dc2F75de63dc1d3e113f7cb,696,279920
0xf9dfBF71F2d9C8A4e565e1346aEb2C3e1dC765De,696,134141
0x08D6626D34766AeCcf289826561313e0AB418fEe,702,100376
0x17a54B820DFC0aAf50FEdbaa6F823760445EB297,702,100352
0x364c5D4971252b6c28baC7956810D5Bf9CaC6B38,702,100388
0x6Aa5B9F75fd8f3C44d336B9753090159942187bd,702,76490
0x7AE109A63ff4DC852e063a673b40BED85D22E585,702,130611
0x85Ea78257fb2A190e916C2223c40c1eA4891bDAe,702,126472
0x34Ef4B527DB3F4AcfAE7Fdc7Db0f9981F48Cd23F,708,304803
0x370DE27fdb7D1Ff1e1BaA7D11c5820a324Cf623C,708,78529
0x81450b2Fcb0aD8655237Ac35057f7Ab4096F0Abd,708,199434
0xeC475675629B38E42d4aC5d40761618268E7Ed21,708,159812
0x048d07Bd350ba516b84587E147284881B593Eb86,714,167079
0x05fC48447e0aC445042823dd36e3E4eD2FfDf6cB,714,197706
0x08780fb7E580e492c1935bEe4fA5920b94AA95Da,714,246375
0x128675d4FddbC4a0D3f8aA777D8EE0fb8B427C2F,714,87111
0x12970E6868f88f6557B76120662c1B3E50A646bf,714,194106
0x249F8d7B42acA55a2A95904Ed20e1F9942a6279b,714,178779
0x2dA9c39419D2213bD986Dfbf64e80B2667A0b300,714,153522
0x37991E1152CB60969530a0632CBA59520D0d1A74,714,128648
0x3ACBfad7460e2fae32A31f863e1A38F7a002cEA8,714,55256
0x42aE195c9295388eef5200F6e8c6FAb6D092A405,714,84714
0x4581649aF66BCCAeE81eebaE3DDc0511FE4C5312,714,87817
0x488C057CF3deE9Ee2E386112e08F2c6d8e58cdFB,714,89916
0x4F9254C83EB525f9FCf346490bbb3ed28a81C667,714,174987
0x580d3159adE0e95558d10A0Dc9d55A9Ee84F3E27,714,106956
0x7613C48E0cd50E42dD9Bf0f6c235063145f6f8DC,714,260656
0x78ada385b15D89a9B845D2Cac0698663F0c69e3C,714,192192
0x808C16ACe7404777FE24a6777a9Cb2335Aa82451,714,84284
0x89B69F2d1adffA9A253d40840B6Baa7fC903D697,714,176627
0x9Ce84F6A69986a83d92C324df10bC8E64771030f,714,322113
0x9eEeAF684E228C2D5C89435e010acC02c41Dc86B,714,86733
0xB226c52EB411326CdB54824a88aBaFDAAfF16D3d,714,100965
0xC7dF86762ba83f2a6197e1Ff9Bb40ae0f696B9E6,714,86549
0xDEf1CA1fb7FBcDC777520aa7f396b4E015F497aB,714,252938
0xE1Bf187D11d8476CC04f87A492f614bcFD4b4a65,714,203010
0xE6b5795459Fb2ba8D4dDFa0466Cd88A5DfcBe035,714,134268
0xEA26c4aC16D4a5A106820BC8AEE85fd0b7b2b664,714,173451
0xa4994144a9217e3779bDa588798EfF546b69DEfB,714,78810
0xdC035D45d973E3EC169d2276DDab16f1e407384F,714,409378
0xe86B104B12546BF9c87329f8936CaF2c4340b728,714,116453
0xf4d2888d29D722226FafA5d9B24F9164c092421E,714,306198
0xfd2bF7f1CD68DCA11625a839D2bc97ee3790f501,714,65253
0x3E67cc2C7fFf86d9870dB9D02c43e789B52FB296,720,90400
0x5Ee560E2010AA30dfBa052CCbBDC941C4b84Fe24,720,70000
0x5F74016d572F3e040D1f6aa99036c84cFa3C3c2F,720,330116
0xA5A1bD3D6fe061A8bB775912517be4c618996b92,720,130271
0xF1bF0BaC0a99496a65A1601c79137604f6c94214,720,146604
0x1d36A4c2ab15CcD29B312991176D85622299cc11,732,147719
0x97360A89B5adb7D82Dbde6C66A49de8a48D550E6,732,148343
0xE9DcbaCc91dB0e37562a8455c80d0734D7CF3bd1,732,147671
0x0000000000c5dc95539589fbD24BE07c6C14eCa4,738,559455
0x82bA8da44Cd5261762e629dd5c605b17715727bd,744,156983
0x38fd30d3E11A06c2c19dD6A4C867502610b6D007,750,218623
0x059956483753947536204e89bfaD909E1a434Cc6,756,285027
0x152ff52280C171F8d966A7e15469A9BFbfFEB6EF,756,201504
0x2079812353E2C9409a788FBF5f383fa62aD85bE8,756,127548
0x2218abD4B87DF01679Ff79547a8A079DE4DAEaC9,756,186860
0x29Ef46035e9fA3D570c598d3266424Ca11413b0C,756,1980906
0x2D9221a63E12AA796619cb381Ec4A71b201281f5,756,90802
0x2F53e033C55eB6C87CEa259123C0a68Ca3578426,756,128468
0x32B053F2CBA79F80ada5078cb6b305da92BDe6e1,756,162233
0x351eFb333885c5351418aE0134dd54cac0B3143F,756,171574
0x391cF4b21F557c935C7f670218Ef42C21bd8d686,756,275340
0x3Ee118EFC826d30A29645eAf3b2EaaC9E8320185,756,346698
0x42069026EAC8Eee0Fd9b5f7aDFa4f6E6D69a2B39,756,201480
0x4E3590C2945b1DE39D971B8753C5F57a1745Ab01,756,137048
0x4b1D0b9F081468D780Ca1d5d79132b64301085d1,756,288480
0x54012cDF4119DE84218F7EB90eEB87e25aE6EBd7,756,121382
0x6475bdeb4992Ac77DfAA0b9F752607FeCb7ae77c,756,299025
0x76BE3b62873462d2142405439777e971754E8E77,756,196992
0x8390a1DA07E376ef7aDd4Be859BA74Fb83aA02D5,756,129366
0x8c6dEf540b83471664Edc6d5Cf75883986932674,756,325050
0x9Fb7b4477576Fe5B32be4C1843aFB1e55F251B33,756,133663
0xA67E9F021B9d208F7e3365B2A155E3C55B27de71,756,146826
0xAdDdB5B4871797568DA9E7Ce5D0587D0A3e38E25,756,91704
0xB528edBef013aff855ac3c50b381f253aF13b997,756,381148
0xBa5E35E26Ae59c7aea6F029B68c6460De2d13eB6,756,138323
0xDa6558fA1c2452938168EF79DfD29c45Aba8a32B,756,139012
0xDb82c0d91E057E05600C8F8dc836bEb41da6df14,756,309930
0xbe2cf8DA9887e2AB997Ed53cC49263eBD09B20C3,756,122312
0xd3E4Ba569045546D09CF021ECC5dFe42b1d7f6E4,756,160941
0xd87a4214EDa400Ed376EaaC0aEd9d1414D71581C,756,197063
0xf0f9D895aCa5c8678f706FB8216fa22957685A13,756,152004
0xf401Cc9f467c7046796D9A8b44b0c1348b4DEec7,756,87843
0xfAd45E47083e4607302aa43c65fB3106F1cd7607,756,127066
0x00b8cb8101f1F27863cCebf4Da1Fb380eaa6d3BF,768,384417
0x9129211efEcAf4A1cD76104f5A4082220a783078,768,234483
0xF1e28BbE472b1BAb4f9ef1D51be09702651C81EB,768,155969
0xf538671ddd60eE54BdD6FBb0E309c491A7A2df11,768,114093
0x4c71Cae1e0176544dcA1d63516B2C0A1CD351C8f,774,133436
0x996282cA11E5DEb6B5D122CC3B9A1FcAAD4415Ab,774,155583
0x38741A69785e84399Fcf7c5ad61D572f7EcB1dab,780,178632
0x65E325A22c0F519041db69F5693EbAc3b4AE71bE,780,683776
0xc1EcCE580B2C96f4fd202fB7c2a259ECe19a1bF2,780,97878
0x06998Af8f39Ff8630d1FB515D22781DA4DC2CA71,786,129151
0x12d4E64E1B46d27A00fe392653A894C1dd36fb80,786,683875
0x3805C8d32AD5B6ebD221991eab804A68bC4B2654,786,129151
0x8458C36ED2d679Fa98928CE5770BFEf0FF457591,786,338982
0x8Cc155D49cf699E133F2b5E0bf9059bf1092c768,786,157725
0x9d48AcB8415A8e3be4b7c09Fb71182791Dab1251,786,93640
0xA6C7811ae5e8f07E08264bCD90a7F8E3B2CfC4f9,786,129151
0xe8c92C8704D4A607acc0C6cA96598F276360f0d6,786,107298
0x697402166Fbf2F22E970df8a6486Ef171dbfc524,792,506753
0x048680F64d6DFf1748ba6D9a01F578433787e24B,798,252056
0x130d8EA0052B45554e4C99079B84df292149Bd5E,798,94454
0x1c3562EC0a1E83c529363a66314E3339Ff1fc095,798,90498
0x1d22275D58a836F8307C306110DEAfE22E360877,798,118772
0x22a8fe0109b5457aE5C9E916838e807dd8B0A5B6,798,80191
0x2f0A708124AB14Ed2f05Ca6fB1c1E392794D658f,798,82521
0x3FE476AaA285c3A24fE20fB296a3a5d5189A9eB8,798,115280
0x4666f33E4fbE6C8AA9671bD2AEdc46d641451F85,798,86300
0x4aa42145Aa6Ebf72e164C9bBC74fbD3788045016,798,56936
0x4e3DBD6333e649AF13C823DAAcDd14f8507ECBc5,798,120875
0x620b70123fB810F6C653DA7644b5dD0b6312e4D8,798,133311
0x68AD75469DB9181a1144E769c16Adf47f2F32Cae,798,258516
0x78dbE8A761EA452ddC9eE3321394F846967a96F8,798,336779
0x88091012eedF8Dba59D08e27Ed7B22008F5d6fe5,798,134541
0x93ecac71499147627DFEc6d0E494d50fCFFf10EE,798,97718
0x943Af2ece93118B973c95c2F698EE9D15002e604,798,266358
0xB90B2A35C65dBC466b04240097Ca756ad2005295,798,261873
0xCD2b31071119D7eA449a9D211AC8eBF7Ee97F987,798,187623
0xF17e65822b568B3903685a7c9F496CF7656Cc6C2,798,265395
0xa732D6Fe7768a671EBEE13aAF8E70C250D3F83b7,798,145743
0xb4a51258DE7C1ba7FFaC10C0E8Ce86d68EFbf20b,798,398432
0xf091867EC603A6628eD83D274E835539D82e9cc8,798,228044
0xf920e4F3FBEF5B3aD0A25017514B769bDc4Ac135,798,165746
0x2Ba614a598Cffa5a19d683cDCA97bac3a49313d1,804,172402
0x541F2DdB9fD0454427517D72980B99004A7a67aB,804,203066
0x5D83F93716D799C13dD01cDA1566403886D79610,804,83584
0x7f5f854FfB6b7701540a00C69c4AB2De2B34291D,804,267774
0x7AD2a94BefF3294a31894cFb5ba4206957a53c19,810,131517
0x22ef8E0967927178e88C32c0B18Ece4685EFeee4,816,201948
0x4569e4F61Cc89478a8DedB0bBc5EBB8Dbd622532,816,383755
0xe3B3b4Fc77505EcfAACf6dD21619a8Cc12fcc501,816,226425
0x2187093A2736442D0B5C5D5464B98Fc703e3b88D,822,218532
0x174150478891bdD4EAefaB50FB24B9126F289FA6,828,90068
0x763A0CA93AF05adE98A52dc1E5B936b89bF8b89a,828,148475
0xA5D9358c60fC9Bd2b508eDa17c78C67A43A4458C,828,488862
0xCDF72821AF1e78Af720E506744195B622ffbeb89,828,1341301
0x1dF80ADeD316a53Ef62172C8f1D7bB9111eC38F1,834,82693
0x5F6AE08B8AeB7078cf2F96AFb089D7c9f51DA47d,834,258534
0xdD467a6C8ae2b39825a452E06b4fA82F73D4253D,834,113048
0x022D97090127eC95257B1cD844EBBfDCD57c50cE,840,95870
0x0650CAF159C5A49f711e8169D4336ECB9b950275,840,199657
0x0655977FEb2f289A4aB78af67BAB0d17aAb84367,840,321345
0x067Def80D66fB69C276e53b641f37ff7525162f6,840,324312
0x0763fdCCF1aE541A5961815C0872A8c5Bc6DE4d7,840,225029
0x0bc37BEA9068a86C221B8bd71eA6228260DAD5A2,840,231764
0x0d89f4583a6b5eceb76551d573ad49cD435f6064,840,851808
0x12eD69359919Fc775bC2674860E8Fe2d2b6a7B5D,840,138198
0x13E4b8CfFe704d3De6F19E52b201d92c21EC18bD,840,258928
0x19E1F2f837a3b90EBd0730cb6111189Be0E1b6D6,840,341076
0x1F573D6Fb3F13d689FF844B4cE37794d79a7FF1C,840,157665
0x1b1D5fbb293dA9935605121E2288720069E95530,840,976820
0x26af2B85A8f5e8807dbaE26B5Afa49A9D5b338Db,840,99569
0x2CC7A972ebC1865B346085655f929AbFa74CD4dC,840,375603
0x2Dd4b6Ee73Ab76D2381b5e43D166e836EE322033,840,296204
0x323A76393544d5ecca80cd6ef2A560C6a395b7E3,840,158302
0x3850952491606A0E420Eb929B1a2E1A450d013F1,840,138351
0x41545f8b9472D758bB669ed8EaEEEcD7a9C4Ec29,840,208928
0x4B1E80cAC91e2216EEb63e29B957eB91Ae9C2Be8,840,240730
0x4DfD742c6E5e28F11Bcbcf6c5e51A965d15ea315,840,433494
0x68A47Fe1CF42eBa4a030a10CD4D6a1031Ca3CA0a,840,232517
0x6B0b3a982b4634aC68dD83a4DBF02311cE324181,840,190416
0x6c5bA91642F10282b576d91922Ae6448C9d52f4E,840,181615
0x7b139ad637F89e175FCcFB205BACCF8aF09593F9,840,101592
0x859f7092f56c43BB48bb46dE7119d9c799716CDF,840,377984
0x899f88B7c34A01eD0eea2Bdb0952Bd271ad3245b,840,159752
0x8bc93498b861fd98277c3b51d240e7E56E48F23c,840,113698
0x9E6be44cC1236eEf7e1f197418592D363BedCd5A,840,205516
0xA374A62DdBd21e3d5716cB04821CB710897c0972,840,221315
0xB705268213D593B8FD88d3FDEFF93AFF5CbDcfAE,840,148413
0xC1F37FA23179a4CAa68A995e31676Da466FC87f1,840,199388
0xDdbcDD8637d5CEDd15EeEe398108FCa05A71b32b,840,367832
0xE66747a101bFF2dBA3697199DCcE5b743b454759,840,178292
0xE92344b4eDF545F3209094B192E46600A19E7C2D,840,251955
0xF107edABF59ba696E38DE62Ad5327415Bd4D4236,840,423925
0xa9BA1A433Ec326bca975aef9a1641B42717197e7,840,139544
0xe0A458BF4AcF353cB45e211281A334BB1d837885,840,226527
0xfB5c6815cA3AC72Ce9F5006869AE67f18bF77006,840,169996
0x33eDca975417C30285Bb96Af34B03C197bCCec1c,846,125137
0x450B4220E075e07F11B771140809939b34981107,846,148489
0xC379e535CaFf250a01CAa6C3724Ed1359Fe5c29B,846,278200
0xb28a3778e1A78a8c327693516ed4F5B11db41306,852,123869
0x6D207874DDc8B1C3954a0BB2b21c6Fce2Aa18Dba,864,173504
0x8aB212E8A2b7172D86837Eeb0CAc0390E23fFcc5,864,147525
0x2e8A6fb092f4A1c174d240067582710b103428CD,876,104324
0x83C51328bbAC23a915433221a863cf79b55be2C0,876,108031
0xb382F6bD906ed03A28302fb3bDF7101F996A9f0E,876,98858
0x00000000d75799dD2ABc2DD2907F99528f8607De,882,113258
0x02dE007D412266a2e0Fa9287C103474170F06560,882,241342
0x09f66a094a0070EBDdeFA192a33fa5d75b59D46b,882,146133
0x12652C6d93FDB6F4f37d48A8687783C782BB0d10,882,295897
0x182aD153056944EeF2Ecc4A03D5ff40d58afdE0F,882,103486
0x195f10dE5Cc1b6FEB7A1072Acf4ae169A92f8E93,882,260917
0x1d08E7adC263CfC70b1BaBe6dC5Bb339c16Eec52,882,171687
0x200ed69de20Fe522d08dF5d7CE3d69aba4e02e74,882,274705
0x358d94b5b2F147D741088803d932Acb566acB7B6,882,370880
0x4b15a9c28034dC83db40CD810001427d3BD7163D,882,332902
0x4b15d5dF8Bd9900714591661858AE1c02d3D10F3,882,231673
0x525536D71848f21B66da0d239546C50ee4c1A358,882,391240
0x525e99f743EE495F3b032baa737BC590dc1C85b5,882,275942
0x53f15e9e3f109d91A0DC24b9962959a26855627E,882,244751
0x61e24Ce4efe61EB2efd6AC804445df65f8032955,882,297259
0x69CC22B240bdcDf4A33c7B3D04a660D4cF714370,882,145667
0x6b2970C570d5d478c477c7049551f2F028AC7142,882,99598
0x6b66ccd1340c479B07B390d326eaDCbb84E726Ba,882,222631
0x6c410cF0B8c113Dc6A7641b431390B11d5515082,882,178230
0x812314886C30DC005844384CFef1D3D55CEb84DF,882,156363
0x846925E1b1382175BD71b8c2FAbb8CC86C1BBf89,882,221190
0x8ed25B735A788f4f7129Db736FC64f3A241137B8,882,100336
0x99861ef1a2d07C53a28B321759Df4716C7F26e83,882,197071
0xA849EaaE994fb86Afa73382e9Bd88c2B6b18Dc71,882,165495
0xC9bCa88B04581699fAb5aa276CCafF7Df957cbbf,882,300476
0xDC6eAcd05FD0a4CB3957c5AFC804c9428D631B41,882,144908
0xE86ef52c252751CD2b1538DAb33ba2ab97BeC135,882,214755
0xF788A93c035a9DE7Ca099b8D5c565aDFE9551F98,882,184068
0xa3274568F95C628D2A2383Fac9De1FAC220fAd48,882,203588
0xa62cc35625B0C8dc1fAEA39d33625Bb4C15bD71C,882,334236
0xf6e72Db5454dd049d0788e411b06CfAF16853042,882,88756
0x16684130f6FE1819B5e693aaaA879Ae3c0Fda446,888,132018
0x592cB3999D84e061e5E66724C167A4Cb8F117Ee2,888,128130
0x6E73b987b73Bb11566a16C1AC4B254656EE149Dc,888,103654
0x055CC48f7968FD8640EF140610dd4038e1b03926,894,187440
0x0389E24A4Bc96518169f83F50FCDdA442dD8eAFd,900,119754
0x35c562E8b6B53fe6B89343B894Bf49a39c70ecb6,900,154560
0xd87Fff92728792F6dFFA5A915Bd4F7BE1A5bb45E,900,261960
0xfd72BA1944dD7B7e5829e33aa92dD7A149919F65,900,131074
0xA62F9C5af106FeEE069F38dE51098D9d81B90572,906,330303
0x3aC551725ac98C5DCdeA197cEaaE7cDb8a71a2B4,912,314760
0x7bf7AaAf33884973bcC2158d2Df39160109074DB,912,208727
0xb78A4c6CDff7b17025F639f68e30BC8aB2EdbBcE,918,79162
0xc2F98E8A02dDDc29C4F7aB81DC141e913C837007,918,263121
0x03049b395147713ae53C0617093675B4b86dDE78,924,163646
0x06012c8cf97BEaD5deAe237070F9587f8E7A266d,924,555434
0x071ad995F35BfD5130b7e72c6937112387706F86,924,459675
0x0EE1AF240E39bbb34780907e85d56c0FE3b18Bd3,924,168523
0x1258D60B224c0C5cD888D37bbF31aa5FCFb7e870,924,331315
0x15700B564Ca08D9439C58cA5053166E8317aa138,924,483553
0x1c899dED01954d0959E034b62a728e7fEbE593b0,924,208923
0x2DBB6E0D253bee7949D15940f4613161F7e2F48F,924,108310
0x38700b238E448321ADDeEB68F11fbEB41A9739A3,924,248713
0x52A8845DF664D76C69d2EEa607CD793565aF42B8,924,222076
0x61439b9575278054D69c9176d88FaFaf8319E4b7,924,489844
0x68B36248477277865c64DFc78884Ef80577078F3,924,266166
0x6A5D93F832CC4AD218877531F62D60F14A553Dee,924,128637
0x73A15FeD60Bf67631dC6cd7Bc5B6e8da8190aCF5,924,388550
0x76887cB94cF29EC539b3219Ba62104BE04F26A5C,924,518277
0x7890C9A4C9e2c65A51861fBFeC595F53898B7214,924,180294
0x83086Ea8D266c542DD07aCB064882F4Ad67034c0,924,122120
0x8C96EdC82d111E3c5686F5ABE738A82d54d0b887,924,310385
0x8f8221aFbB33998d8584A2B05749bA73c37a938a,924,208324
0xABD4C63d2616A5201454168269031355f4764337,924,332346
0xF955C57f9EA9Dc8781965FEaE0b6A2acE2BAD6f3,924,215078
0xb2617246d0c6c0087f18703d576831899ca94f01,924,285120
0xb47e3cd837dDF8e4c57F05d70Ab865de6e193BBB,924,389946
0xbC396689893D065F41bc2C6EcbeE5e0085233447,924,168553
0xc8250EE7B635A14A3087583445B9eb1C2c2f07d7,924,137007
0xcEa577BA70168CA36033Da64734C0E321ba844d0,924,142967
0xd98F75b1A3261dab9eEd4956c93F33749027a964,924,127442
0xf7A0383750feF5AbaCe57cc4C9ff98e3790202b3,924,126222
0xf939E0A03FB07F59A73314E73794Be0E57ac1b4E,924,507248
0xf951E335afb289353dc249e82926178EaC7DEd78,924,592664
0xfB7B4564402E5500dB5bB6d63Ae671302777C75a,924,320321
0xD02f9423524044028f91a6e1aD139850ec0Cd0C1,930,128522
0x073C612d63De9187f3c904ec850916Fe8732775b,936,393898
0x3F37aBdE2C6b5B2ed6F8045787Df1ED1E3753956,936,214174
0x512A3d2c7a43BD9261d2B8E8C9c70D4bd4D503C0,936,1103460
0x6435821A260B6A8EcB4ab723B84e1Bc3BC8b5304,936,215734
0x87690676786cDc8cCA75A472e483AF7C8F2f0F57,936,1103460
0x9235D68A905897CA1Ee9e609fA079dd1FeB2EE36,936,149294
0x938Ee463e16b5d4A74F993636100eC77936C1E3A,936,149294
0xB5FB4BE02232B1bBA4dC8f81dc24C26980dE9e3C,936,112188
0xFFEcF4a88A4BCdF9DB948415e607E579933bfBc9,936,149294
0xfB971c01886B039CA46A597BbED675090eFD2FD4,936,146166
0xD4B80C3D7240325D18E645B49e6535A3Bf95cc58,942,97856
0xa6B71E26C5e0845f74c812102Ca7114b6a896AB2,948,664574
0xaF5800ADF22301968613c37DA9C3C2a486eA915A,948,305092
0x96b8300007B8e10816C6d80d27F55739615B7a67,960,108039
0x09AbE7f7297B27e4343E1f3906267b0BE6dBe4eb,966,150600
0x0Ec72CD6690db40B16be166858299F19D4f8E5B0,966,253604
0x224bdBe8304e349063929Fc208DFF2b89F980E83,966,242304
0x2BDAedbe2fa226B65B2B7064a8d3d2c14123316e,966,381239
0x2F558AAe14bA4d305aAb1A4ad060eD3a00A69707,966,347926
0x4265f5D6c0cF127d733EeFA16D66d0df4b650D53,966,272666
0x44D934ab05a5b6d93e98c6bEFB25f09629eED605,966,242304
0x4C6E2c495b974b8d4220E370F23c7e0e1da9b644,966,337012
0x4e0A83509f5D0EF2e55B6F08dbF2462b72BcD30a,966,177103
0x509A38b7a1cC0dcd83Aa9d06214663D9eC7c7F4a,966,219543
0x6F55CaeBCbF09EAE75c8A3F2b3dd5117D84B0C96,966,242280
0x7FDA203f6F77545548E984133be62693bCD61497,966,210112
0x81e9E6011036f8ce5a9F693DBF3B31ab98314230,966,442673
0x8400D94A5cb0fa0D041a3788e395285d61c9ee5e,966,109816
0x87B46212e805A3998B7e8077E9019c90759Ea88C,966,388504
0x8FAc8031e079F409135766C7d5De29cf22EF897C,966,211183
0x97aacD8D1491C2a49A7a7aB15e01b264ca3bb446,966,232220
0x9Fd9278f04f01c6a39a9d1c1CD79f7782C6ADe08,966,216410
0xBcD7254A1D759EFA08eC7c3291B2E85c5dCC12ce,966,167244
0xD13cfD3133239a3c73a9E535A5c4DadEE36b395c,966,317195
0xd8Ff332a7a6Fe5A0ea1628a8fae49CbCba516ad3,966,126592
0xeA3fdd487744357f7a8EaC575fDAeDF81ac60fd0,966,203533
0xeFaf9e5F9C6E73ae32e89c8F5730Fd1d8438572A,966,136954
0x171210Ee85496c26767eD4ea6011Acd9ec36309B,972,121744
0x4801154c499C37cFb524cdb617995331fF618c4E,978,164148
0x647C621CEb36853Ef6A907E397Adf18568E70543,978,219117
0x8844dfd05AC492D1924Ad27ddD5e690B8E72D694,978,209850
0x8f88aE3798E8fF3D0e0DE7465A0863C9bbB577f0,978,115461
0xAfF19F821Cf93Fe10af0f84fF1CD208CcB6B5f23,978,171793
0x0Ef97708706b918AeC92934C45dBDbbba350c89D,984,177066
0x221423fA588C41403C50Ba69957795ca0b0cc1b5,984,453619
0x5b2a9c81fD974fE331E83DB9CE232e06B534a21A,984,177054
0x63E3CE188dEC95d507f16A7525DEd76cF91C0C6B,984,177066
0x996913c8c08472f584ab8834e925b06D0eb1D813,984,187340
0xa7C14010afA616fa23A2Bb0A94d76Dd57dde644d,984,163586
0xb17ecda70c6CBB871fAD60a53B06386a83D8F634,984,177054
0xf6Cee4D78BB5E503094bBE22238356B6e1916AE8,984,194166
0xe6a0E8DFe6017bD6161cd98e0AE02A04FDe90de2,990,159841
0x5E362eb2c0706Bd1d134689eC75176018385430B,996,532070
0x6552C8fb228f7776Fc0e4056AA217c139D4baDa1,996,134084
0x7Ea6930a9487ce8d039f7cC89432435E6D5AcB23,996,136755
0x3b62182d0a3e0D4dA7Edca9ec45E470c362629B6,1002,158027
0x0391D2021f89DC339F60Fff84546EA23E337750f,1008,219918
0x03D1eC0D01b659b89a87eAbb56e4AF5Cb6e14BFc,1008,139599
0x0C608A0b007645f251a69a13a21d5f731cE556f7,1008,207593
0x0Fc3DD8C37880a297166BEd57759974A157f0E74,1008,225498
0x12cA63171937aDA1ad1fD47dc86eA52f35C2325C,1008,263942
0x2B2e8cDA09bBA9660dCA5cB6233787738Ad68329,1008,159167
0x2a92525fDA8D3AB481f8E2a913B64B64bD1c9fdD,1008,283608
0x306227D964511A260D14563FbfA82AA75Db404b2,1008,396988
0x33349B282065b0284d756F0577FB39c158F935e6,1008,194812
0x362bc847A3a9637d3af6624EeC853618a43ed7D2,1008,189032
0x39903a1A6f289A67E0DE94096915c4ccD506Ab2a,1008,191624
0x4b9278b94a1112cAD404048903b8d343a810B07e,1008,187620
0x56CfC19D8cBF7D417d370844249Be9Cb2d2E19a1,1008,342537
0x5B7533812759B45C2B44C19e320ba2cD2681b542,1008,446700
0x60F67E1015b3f069DD4358a78c38f83fE3a667A9,1008,338688
0x6BeA7CFEF803D1e3d5f7C0103f7ded065644e197,1008,126573
0x7C1156E515aA1A2E851674120074968C905aAF37,1008,538004
0x84e47D75E7b104545d6EAAf85527db0c798C4E40,1008,216734
0xA55eD5808aeCDF23AE3782C1443185f5D2363ce7,1008,377978
0xA8E1aeD437f83898784fDc5c0256412F10bE33AE,1008,244530
0xD85a6Ae55a7f33B0ee113C234d2EE308EdeAF7fD,1008,213444
0xa9b08B4CeEC1EF29EdEC7F9C94583270337D6416,1008,103411
0xae78736Cd615f374D3085123A210448E74Fc6393,1008,471195
0xcdB8d92FA641106fdAEe3CCC6B53a029eDb9c458,1008,194404
0xd61e1cAfD50e570356DD5F6D679A7bd0535A7fcf,1008,406476
0xd6e39DFce4d705d428701248C67C7Bbf7D6E6f60,1008,884972
0x11bebcFf3921De16De7C32C2e377E1eDcEEDF03E,1014,105488
0x50e891B9e9654118036e11Bd2E870e66bae37bEC,1014,88622
0x5B4e223DE74ef8c3218e66EEcC541003CAB3121A,1020,208344
0xb5fE3204aABe02475d5B9d3C52820f2169002124,1020,164776
0xcC2ca22AaefE22A0144A0260731a40a725AFffF0,1020,187004
0xf3D41b377c93fA5C3b0071966f1811c5063fAD40,1020,273464
0x6a5D488EC17d6a7a1872AaB88feC90c1B2Df4196,1026,371567
0x7510792A3B1969F9307F3845CE88e39578f2bAE1,1026,105781
0xeffcA1ADB9Bc329b7Bc53B1D3b2D3eD46e11f2dC,1026,201274
0xAfFa8300D0E0AE1FBE140e1A74De31A64C78F6c1,1032,135622
0xab424A430CC09864fA1277A38193111705ADF3A3,1032,173638
0xdDAE006600000000eFEB4d7a6600007D6e1F001f,1032,242053
0x688c3E4658B5367da06fd629E41879beaB538E37,1038,161614
0x7497756ADA7e656aE9f00781aF49Fc0fD08f8A8a,1044,612714
0x168e209D7b2F58f1f24b8Ae7B7d35E662bBF11Cc,1050,336244
0x3A1561Ef33515BBA77A4df88D80aFA9D363900E1,1050,405725
0x49cF6f5d44E70224e2E23fDcdd2C053F30aDA28B,1050,170256
0x6aA56e1D98b3805921C170EB4B3fe7D4Fda6D89b,1050,445108
0x7751E2F4b8ae93EF6B79d86419d42FE3295A4559,1050,116057
0x98C23E9d8f34FEFb1B7BD6a91B7FF122F4e16F5c,1050,239028
0x9992eC3cF6A55b00978cdDF2b27BC6882d88D1eC,1050,168155
0xB4a81261b16b92af0B9F7C4a83f1E885132D81e4,1050,190899
0xBf5eB70b93d5895C839B8BeB3C27dc36f6B56fea,1050,126407
0xD8A2f109BEC88D9C9df6F4958c3301bd9D1929Fd,1050,392324
0xFF284f2E8CcE4CD2f4537d8a9369482B545908FB,1050,285046
0xFfa397285Ce46FB78C588a9e993286AaC68c37cD,1050,2438572
0xbD1d6a117094b537B2f24096BAe6286A28684C7c,1062,167516
0xF8390B84533Db97D3E415B4C7bf4251953D6C568,1074,193582
0xc66d027687300A995fE77d0D23c3B94049B28d13,1074,199419
0xA2A1BF5a83F9dAec2Dc364E1c561E937163CB613,1080,600622
0xb6C735bfF2B23f20e2603D4394FE3aF3e2B1EB69,1080,249959
0x9Fbf34a4062a3D6CdBFa8c3D217a638a40F91f88,1086,168140
0x062E691c2054dE82F28008a8CCC6d7A1c8ce060D,1092,194186
0x0916568854Fc53B720186052d8013D62A0409b47,1092,438780
0x19d0D8e6294B7a04a2733FE433444704B791939A,1092,214349
0x36B8e0B938c0172c20e14cc32E7f0e51dCf1084F,1092,156812
0x46030F5E33AFa7d0b7c0c54a3A8017e10140A979,1092,165088
0x579CEa1889991f68aCc35Ff5c3dd0621fF29b0C9,1092,305316
0x5Cf04716BA20127F1E2297AdDCf4B5035000c9eb,1092,123227
0x684Ea83d4577e4ab131CB6D7971CaCE0F4925785,1092,191605
0x6bD0f588C5ab68FE690cC857D7294997eeCd0253,1092,408270
0x73d7c860998CA3c01Ce8c808F5577d94d545d1b4,1092,383148
0xA1cF35f35031c0f2a27283793bE23a22fd615F58,1092,196336
0xC82E3dB60A52CF7529253b4eC688f631aad9e7c2,1092,204426
0xb92b8d7e45c0f197A8236c8345b86765250BAF7c,1092,233160
0xbe9371326F91345777b04394448c23E2BFEaa826,1092,237478
0xc24A365A870821EB83Fd216c9596eDD89479d8d7,1092,138544
0xdab396cCF3d84Cf2D07C4454e10C8A6F5b008D2b,1092,276436
0xdc2265cBD15beD67b5F2c0B82e23FcE4a07ddF6b,1092,136603
0xe9EccDE9d26FCBB5e93F536CFC4510A7f46274f8,1092,230361
0x1c395af6Ee8F262D1bEFb1Dc3B0045fD6Cb2D5Da,1098,136854
0x63BBC71C034bC99A905d5594dF985C218a35d392,1104,127663
0x8D99372612e8cFE7163B1a453831Bc40eAeb3cF3,1104,429160
0x9B9Ec8E26955c034828bBD78E22ab258d983dCdb,1104,253018
0xDaC3A82Cc5e7C137bF28e6EF4F68f29D66205ffe,1104,253102
0xf7B343A17445F175f2Dd9f5CB29BAf0a8dE75ed3,1104,253090
0x948747C4Cc2dE472D43d194c67F5cE18ba8A753A,1110,130743
0x91F822fAFc1db552e78f49941776aCB2a78fD422,1116,293273
0x93FbDDDe8Dc988040131ABc007F59bb3130Dc423,1116,361998
0x54E43F06c5F974EfDadDCe8122060814e3881A45,1122,156590
0x367C42a6F261EC54FFBEcf5f41C226BE12A3dCA0,1128,219860
0x4A31FfeAc276CC5e508cAC0568d932d398C4DD84,1128,230821
0x1243e9310D2D3FE0808A6FEdFc387C43ccac63C4,1134,250035
0x25931894a86D47441213199621F1F2994e1c39Aa,1134,450642
0x5026F006B85729a8b14553FAE6af249aD16c9aaB,1134,409203
0x5DE8ab7E27f6E7A1fFf3E5B337584Aa43961BEeF,1134,303894
0x62d3c05b9C3d916FBC111819bbD3CEE52906C1Ae,1134,160839
0x70b97A0da65C15dfb0FFA02aEE6FA36e507C2762,1134,223357
0x77E06c9eCCf2E797fd462A92B6D7642EF85b0A44,1134,538825
0x7A859B5aa0E8294be505af730Ec75E81B14d2788,1134,243972
0x7aA4960908B13D104bf056B23E2C76B43c5AACc8,1134,1886308
0x80C62FE4487E1351b47Ba49809EBD60ED085bf52,1134,381000
0x8CD81e14cD612FB5dAb211A837b6f9Ce191AD758,1134,140486
0x95b4B8CaD3567B5d7EF7399C2aE1d7070692aB0D,1134,382299
0xA9E8aCf069C58aEc8825542845Fd754e41a9489A,1134,428251
0xB50721BCf8d664c30412Cfbc6cf7a15145234ad1,1134,479655
0xCec6302Cb87aC96354D2946C15d1eB883bdCE8ED,1134,108563
0xF8e57AC2730D3088D98B79209739b0D5Ba085a03,1134,330777
0xa3d4BEe77B05d4a0C943877558Ce21A763C4fa29,1134,410225
0xd774557b647330C91Bf44cfEAB205095f7E6c367,1134,283125
0xf0Be92aD170e70cBe7a4A7687A00119AAFe35AF4,1134,356534
0x9C93982cb4861311179aE216d1B7fD61232DE1f0,1146,236894
0xbb5Aa1F7589A5c78766a0AB73F992C3942515946,1146,187608
0x4aC8F8dc95c7d9FA9CE7DFe782518E43c03c889f,1152,151264
0xb6A2419DE58688Dae6d66CC065a36A147E42D052,1152,186728
0xbDdE08BD57e5C9fD563eE7aC61618CB2ECdc0ce0,1152,176276
0xd18A06E254eE7416e4aC44b7EeB22630056A3a59,1152,183150
0x02B15c47B4b516A22fd2D8b1Fc662afb808A2169,1158,91925
0x5A9780Bfe63f3ec57f01b087cD65BD656C9034A8,1164,277289
0x28995579fdf4F1Ea01ba54b6F4f0524cE63Ff1bc,1170,363042
0x0a6E7Ba5042B38349e437ec6Db6214AEC7B35676,1176,453744
0x0f51bb10119727a7e5eA3538074fb341F56B09Ad,1176,308502
0x10633216E7E8281e33c86F02Bf8e565a635D9770,1176,265127
0x321C2fE4446C7c963dc41Dd58879AF648838f98D,1176,255744
0x430EF9263E76DAE63c84292C3409D61c598E9682,1176,201890
0x516D339afA72f6959b8E06a31FBc32Da3E49348B,1176,249541
0x562E362876c8Aee4744FC2c6aaC8394C312d215d,1176,206544
0x5AEf5bba19e6a1644805Bd4F5C93C8557b87c62c,1176,177991
0x6019Dcb2d0b3E0d1D8B0cE8D16191b3A4f93703d,1176,413634
0x758E0EE66102816F5C3Ec9ECc1188860fbb87812,1176,202022
0x7FF5601B0A434b52345c57A01A28d63f3E892aC0,1176,226240
0x9180753B8C5F43fc453aD98ce54b0Dc8B4976AC8,1176,229165
0x92F419fB7a750aeD295B0ddF536276bf5a40124F,1176,230580
0x97A9a15168C22B3C137E6381037E1499C8ad0978,1176,410178
0xA760212ef90b5D4Be755FF7DAa546420D7fD6663,1176,115175
0xCD024C7eB854f6799A343828773cB3A8107d17d4,1176,246327
0xCc90105D4A2aa067ee768120AdA19886021dF422,1176,222088
0xED5AF388653567Af2F388E6224dC7C4b3241C544,1176,390503
0xEe7527841A932d2912224E20a405e1a1FF747084,1176,280244
0xF69eB8C0d95D4094c16686769460f678727393CF,1176,193078
0xcDA72070E455bb31C7690a170224Ce43623d0B6f,1176,184510
0xd26114cd6EE289AccF82350c8d8487fedB8A0C07,1176,313406
0xdBB7a34Bf10169d6d2D0d02A6cbb436cF4381BFa,1176,432950
0xdeFA4e8a7bcBA345F687a2f1456F5Edd9CE97202,1176,309886
0xe28b3B32B6c345A34Ff64674606124Dd5Aceca30,1176,338662
0xef3A930e1FfFFAcd2fc13434aC81bD278B0ecC8d,1176,182121
0x84E9498B79957715E40Ef51C4A4aE7BFD35F53eC,1182,138294
0x384860F14B39CcD9C89A73519c70cD5f5394D0a6,1188,160789
0xB4BBF1Edd67752a2eC01B35bc8053429457E0542,1188,134091
0x345000502A9b6c0536C4b1930F1ed75412984AEA,1200,241894
0xE92E3CC0D9C597E2E7d1b96360763c136Db6bf1a,1200,542852
0x43dE2d77BF8027e25dBD179B491e8d64f38398aA,1212,155858
0x646E50E8F5b148026E813f064Fe376C5cfD1aFAf,1212,194915
0x7503b58Bb29937e7E2980f70D3FD021B7ebeA6d0,1212,216453
0xaecfb1af29B96011EC9AA1Ff98D8C49b49bB3dDc,1212,213821
0x19D99e6f3e784651DF8924A5F80Be17f1fA9a897,1218,439024
0x380a8a2B274cEDdE037a5ED42679Cb0720D8591A,1218,178461
0x408e41876cCCDC0F92210600ef50372656052a38,1218,307079
0x4347550bDd9bc8265567d3aFc05c1914cD5A55BC,1218,574743
0x4DC26fC5854e7648a064a4ABD590bBE71724C277,1218,420738
0x6000915619Db04a374B4590A1E0afdf269375C47,1218,335853
0x80ac24aA929eaF5013f6436cdA2a7ba190f5Cc0b,1218,262871
0x940a2dB1B7008B6C776d4faaCa729d6d4A4AA551,1218,148618
0xC45e939ca8C43822A2A233404Ecf420712084c30,1218,168365
0xCf9d87B3392EA2738b755021C227e065D3f34E5B,1218,155402
0xb72E76cCf005313868DB7b48070901a44629da98,1218,329212
0xc186fA914353c44b2E33eBE05f21846F1048bEda,1218,320311
0xfd97796442Ae3f8d1bC2043B3efae67eb6b866CF,1218,98832
0x054fd961708D8E2B9c10a63F6157c74458889F0a,1230,117011
0x00000000000000447e69651d841bD8D104Bed493,1236,725641
0x7a4EffD87C2f3C55CA251080b1343b605f327E3a,1236,175119
0x99C9fc46f92E8a1c0deC1b1747d010903E884bE1,1236,1090943
0x36cb65c1967A0Fb0EEE11569C51C2f2aA1Ca6f6D,1242,236017
0x14413419452Aaf089762A0c5e95eD2A13bBC488C,1248,249632
0x71518580f36FeCEFfE0721F06bA4703218cD7F63,1254,461093
0x07b1012831b7a07663f3424B9D23e7b2bFDC74e4,1260,517977
0x34DC124e0eA6E0CdAc7605EC3c5153dca17B6BA1,1260,196822
0x42bBFa2e77757C645eeaAd1655E0911a7553Efbc,1260,277332
0x467719aD09025FcC6cF6F8311755809d45a5E5f3,1260,483485
0x4DEcA517D6817B6510798b7328F2314d3003AbAC,1260,370212
0x4eDDb15A0abfa2c349e8065aF9214E942d9A6D36,1260,415703
0x57004b440Cc4eb2FEd8c4d1865FaC907F9150C76,1260,194948
0x6f1D09Fed11115d65E1071CD2109eDb300D80A27,1260,157371
0x720CD16b011b987Da3518fbf38c3071d4F0D1495,1260,345547
0x7280E3b8c686c68207aCb1A4D656b2FC8079c033,1260,215779
0x9813037ee2218799597d83D4a5B6F3b6778218d9,1260,302758
0xA01199c61841Fce3b3daFB83FeFC1899715c8756,1260,418190
0xA91ac63D040dEB1b7A5E4d4134aD23eb0ba07e14,1260,230264
0xB4A8d45647445EA9FC3E1058096142390683dBC2,1260,726534
0xBEF26Bd568e421D6708CCA55Ad6e35f8bfA0C406,1260,478388
0xD11c452fc99cF405034ee446803b6F6c1F6d5ED8,1260,770130
0xDe7D85157d9714EADf595045CC12Ca4A5f3E2aDb,1260,324473
0xe553d0f1E6cFFCc2d5BCeCCd649e38b86db875a2,1260,157844
0xc1994A7eFDdD1a424ff8e7aBd0763659119f4fCa,1272,138601
0xd2Fb13Efd1a1ed30067e85B4FA537308fc7D9323,1272,212852
0x1CA12290D954CFe022323b6A6Df92113ed6b1C98,1284,286734
0x28293c7855797B0441000EF144119727f3cBCA9B,1284,286722
0x444444444444C1a66F394025Ac839A535246FCc8,1284,304065
0x448Bbd134dE1B23976073aB4F2915849b2dcD73A,1284,286746
0x5073dA9cA4810f3E0aA01c20c7d9d02C3f522e11,1284,286734
0x9d3c227705850B651bB697F7179c3fb00bC98Feb,1284,448317
0xD085B74A57D1d7947B9C9f8E2d75cB6832d62d0f,1284,286710
0xaA9904D4d4261dc0f927306f3f5c74439eBa0b90,1284,286328
0x1334c7BcAc271E247F6D78d201D3afeB883b19bb,1290,338069
0x26DA582889f59EaaE9dA1f063bE0140CD93E6a4f,1296,218170
0x5F86F598e4Fa983097fe6693a1b51F047d87b9Cf,1296,222858
0x01c7c1c41dea58b043e700eFb23Dc077F12a125e,1302,196131
0x419D0d8BdD9aF5e606Ae2232ed285Aff190E711b,1302,378783
0x422F5acCC812C396600010f224b320a743695f85,1302,625137
0x80122c6a83C8202Ea365233363d3f4837D13e888,1302,316065
0x9a3Ed7007809CfD666999e439076B4Ce4120528D,1302,174265
0xaDcA0dd4729c8BA3aCf3E99F3A9f471EF37b6825,1302,195926
0xca0c6B264f0F9958Ec186eb2EAa208966187D866,1302,304028
0xcb1592591996765Ec0eFc1f92599A19767ee5ffA,1302,477260
0xf5e2b2AA7a68DC3cE345C2bE428B4D8509B7C5b8,1302,199643
0xfdfafe9595FFdFfD2bEdaB60F4F8BBBbc5b9Da26,1302,179750
0x91c58Cf141ABBEB6aB8D83976103Bca70b69C24e,1308,355037
0x00b19A5200A100e5fc4c9800772f4d002f218400,1320,2789841
0x0Bf4E4f2Bd9AE859AcDDB92B88198fE849b4983f,1326,271257
0x12DFef1FbdA5a9F6D25d26020533E9888Cb07357,1326,270448
0x2311037d806a15698c44bc4574884F6553101d77,1326,270448
0x26dB93F8b8b4f7016240af62F7730979d353f9A7,1326,248434
0x40b1D24f77cB0B8eAB7d02C894C74b43BbA5A0d8,1326,205627
0x42116c7ff880031DDdFE797FbB99E296eE3aD49c,1326,272966
0x4aa4f6722b4b52F1bd3a8Fff6471d6421257A3f2,1326,272966
0x51a9760d0864c82F667c9c7681AB3b8753790129,1326,270448
0x562a2025E60AA19Aa03Ea41D70ea1FD3286d1D3B,1326,192776
0x7975aEd6122Ff78D5c5e3B7Aa8363D307ECa48b9,1326,269278
0x93F780895F02F4Af59095808835275BAB9c5517b,1326,272954
0xDF64E85c42d25a82f68197A8d8610B689F883111,1326,219324
0xF4355e858e8ec5182680f9e3A64125bE37E90255,1326,270448
0xF9c7558e2E71f3e0Ffe8b897426a3aF89b6c516c,1326,270448
0xbBdF59CdE2B2B011FB0221140AdA318FeA56D2ac,1326,219324
0xcBFbee1e2E0e96775f41d5492617f2a1BB34Cb92,1326,271348
0x13E608Dd627dBc2e78178Df599195Fe6CBF7Fa79,1332,209217
0x0257fFD7eA2eBba4aAA090C7AdBDD032A08c1F74,1344,202892
0x046EeE2cc3188071C02BfC1745A6b17c656e3f3d,1344,490099
0x0613A20e394593c2aEB627760e6d6Fb816D77fbB,1344,277512
0x0C86162ba3E507592fC8282b07cF18c7F902C401,1344,162030
0x0D871F4c8147E80072B2D292Cc6673715ACB38c4,1344,277716
0x15213aA7DF58EF3cdAF1be67700a2C009B8e8E12,1344,189911
0x18e011FeFF8dc3F97026dCA36f0d673b9586853E,1344,698994
0x2a3bFF78B79A009976EeA096a51A948a3dC00e34,1344,311762
0x2b868a1CC2aC8F5c757612494C51B11eedE84D6B,1344,263582
0x306b1ea3ecdf94aB739F1910bbda052Ed4A9f949,1344,551002
0x3f69Bb14860f7F3348Ac8A5f0D445322143F7feE,1344,401426
0x50327c6c5a14DCaDE707ABad2E27eB517df87AB5,1344,333166
0x5Dc428646BF9a29A4d623E0CDB57384E811f6F77,1344,278304
0x65Ef703f5594D2573eb71Aaf55BC0CB548492df4,1344,413639
0x6D53d5E35F5226a1613877e071b81217387aC6B5,1344,277920
0x815C23eCA83261b6Ec689b60Cc4a58b54BC24D8D,1344,229534
0x9E32b13ce7f2E80A01932B42553652E053D6ed8e,1344,314556
0x9b17661C5ceb4752A24d367F879579f433e29a98,1344,647516
0xC758d5718147C8c5bC440098D623Cf8d96B95b83,1344,304628
0xCFC1b9f160b4dd1959D78bF1658e7d06ddf35de2,1344,371207
0xF629cBd94d3791C9250152BD8dfBDF380E2a3B9c,1344,352604
0xF99B80403C6d27E76DCbff519bfd8891a546D108,1344,744068
0xe635EFcfAc44C5f44508f4d17c3a96CB4Ce421dD,1344,394961
0xf477AC7719e2e659001455cDDA0cc8f3aD10b604,1344,538552
0x991Fc0B9f027A80E2d642Eb260a41FfC14b2f450,1368,175205
0x043eF1DC118b5039203AECfAc680CEA4E58b0eBb,1374,261164
0x36E66fbBce51e4cD5bd3C62B637Eb411b18949D4,1374,403566
0x405be842CdB64B69470972Eb83C07C2c0788d864,1374,206947
0xE414bDA3807188df417fB2c70705f1C44976AD1a,1374,202207
0x58CDCf55f2c8660674F17561334F6370cbaDeEF8,1380,188122
0x8F57aE7DdDe63412509E71997B2438a3E6dcB763,1380,162122
0x00000000003b3cc22aF3aE1EAc0440BcEe416B40,1386,253431
0x19b5cc75846BF6286d599ec116536a333C4C2c14,1386,325043
0x1Bbe973BeF3a977Fc51CbED703E8ffDEfE001Fed,1386,459957
0x1d1B79A8C50Df0e11019f822cd3d7E5d485eBdAa,1386,256054
0x3ab16Af1315dc6C95F83Cbf522fecF98D00fd9ba,1386,229515
0x43AAE442326874EB402d50062b097815763b80f8,1386,371250
0x7897fC1eFD0027d2A335119551D6Abf68468A00F,1386,709369
0x83e6f1E41cdd28eAcEB20Cb649155049Fac3D5Aa,1386,269544
0x84cA8bc7997272c7CfB4D0Cd3D55cd942B3c9419,1386,356740
0x9C7BEBa8F6eF6643aBd725e45a4E8387eF260649,1386,509917
0xB01d6e0d3945fa94C1c951c10e7e772E63202654,1386,129165
0xC5d27F27F08D1FD1E3EbBAa50b3442e6c0D50439,1386,419792
0xC9b2A7Cc412Dd28A6171c8A120406b98103a6361,1386,139169
0xCDe51b16717139891d40A872215D96A5ef38eEe0,1386,294542
0xD87123aFd6f68a646Bd4DD418aC2Ffca2C48f14D,1386,183168
0x0fd7DbBcbcDab5d5fb0148C49c94B1966761D142,1398,179753
0x3b728c6B16bbb68acE92142743ea52820bE327f4,1398,148575
0x5eA7eAe0EBC1f4256806C8bf234F672d410Fc988,1398,286608
0x35a06994a99B335b700bB3c875408489a9F8BbeF,1404,286949
0x3819f64f282bf135d62168C1e513280dAF905e06,1404,409251
0x4b4df3c44FA13f9D12277458e2069EcBbeE1b085,1404,286721
0x56e727c2B566514f3adF4EE349e17699cC6e51E5,1404,286973
0x6E30ac815845B2d466f861b80a9D68c1e79392eB,1404,176262
0x87B331d3bb9Cf70Dd85c3dc606B684a0bd61c772,1404,286733
0x9ef7D53aa6B62e272467B86ce724885D4e2853BE,1404,287105
0xDdA0483184E75a5579ef9635ED14BacCf9d50283,1404,293163
0xAf59d144357DCc8a852AD601f27BF6310b657a7f,1416,691642
0x11ACbD4F2fF812181Bf12F502A3428FC9322c392,1422,270161
0x2Dad19F90d22cE116248CA7dA37291F7ef8cbb11,1422,305358
0x3c45f638cD63fA61A439d81BDc9c27ECf6AA703D,1422,270119
0x65B560d887c010c4993C8F8B36E595C171d69D63,1422,614709
0x8cC867f87f194a16bbeA7ceFfa6C5ab0B9C0e296,1422,270125
0xBE939E5EE0eEa24E7a65712923c39fA1e404E5A4,1422,270149
0x000000a217a2000026F589000423A16d91FDe157,1428,298070
0x07E6F2239d6FbE2CE00747fCFb8344ebBf973BcC,1428,153461
0x0A638F07ACc6969abF392bB009f216D22aDEa36d,1428,280092
0x2cF552A87aDAE03B1F53a760f81C0c0b5FB36892,1428,135036
0x39Ae84f831dAa1b5081371B6Dc81372f7Dee5fe8,1428,154182
0x3eE841F47947FEFbE510366E4bbb49e145484195,1428,314084
0x3f9437dE4A7184D4D7618f9A17C02A76027F3961,1428,281536
0x42476F744292107e34519F9c357927074Ea3F75D,1428,420430
0x505B5eDa5E25a67E1c24A2BF1a527Ed9eb88Bf04,1428,295107
0x57f1887a8BF19b14fC0dF6Fd9B2acc9Af147eA85,1428,211270
0x8Bf3A40EA2337e6E4F6E540680eA6390cB3B4E11,1428,184950
0x8bdf54B3e043700dAaF9d763Ac1c2c533Ef72e25,1428,465110
0x99361435420711723aF805F08187c9E6bF796683,1428,294239
0x9B17fdA35eD7EB7bB11a73AB69D0462045364514,1428,319973
0xC03f31fD86a9077785b7bCf6598Ce3598Fa91113,1428,662054
0xD1f3D2f5C12a205fc912358878B089EAE48a557f,1428,386494
0xE16A6f5359ABB1f61cE71e25dD0932e3E00B00eB,1428,230483
0xc56C7A0eAA804f854B536A5F3D5f49D2EC4B12b8,1428,411424
0x59F978a4Fa6B9C5dC1e62B7029C367244f834CBE,1434,250797
0x16a293d9d75f56dCAFaF47C44FB7353976230714,1440,187352
0x16aFFA80C65Fd7003d40B24eDb96f77b38dDC96A,1440,356620
0x3cBafbC98D4e38eFc158B02c5334aEAC309fBD51,1440,130130
0x671bcb933Df2FA29a7029d8285687bAE2E6aC527,1440,545843
0x8D72a036C316A6D9b724E3Bd97eCA01eB1B9EDcF,1452,172570
0xC6cfb996A7CFEB89813A68CD13942CD75553032b,1452,245997
0xd8D2297bDf4a84569bCec83C92A81549bE9c51E6,1452,294707
0x32c51e066d05D177a802B7C68859022C8Cad38eF,1458,249419
0x635C7e2De558a04A33525a9489045a7245281Db7,1458,330358
0x522bB49bE4fB6E3ceC18df911C2A66457E6Fc3e2,1464,296098
0x74Ef3b69E8c475dF8450edDDa5DABd9b6dd17972,1464,263226
0xBa4555a80E47477BBf23B721563D38B10eb65dFa,1464,295894
0xC917E3BF6c211b326ffD4ed13E7D9a67682095CA,1464,295678
0xD60f511BEeE0fc25AEf51A9e8900873EB9e95778,1464,179897
0xe54a7e5615Ac3236E415Fd9Fead420adeACb92eA,1464,151921
0x27428DD2d3DD32A4D7f7C497eAaa23130d894911,1470,404905
0x2a9bDCFF37aB68B95A53435ADFd8892e86084F93,1470,257898
0x2eF0a4b6CE025F942F84ac207b921BFa3387D8D7,1470,253139
0x763030298548FA267EE60d24E1dcaae3FaDD8C2d,1470,214199
0x8DE5B80a0C1B02Fe4976851D030B36122dbb8624,1470,454966
0xF041690D9cBE398d3D51F25C87902C1403AffE66,1470,100698
0xFA1b1f13080857Bf373de0De93970c96d2C29FD0,1470,465096
0xb323692b6d4DB96af1f52E4499a2bd0Ded9af3C5,1470,210959
0x3Fa73f1E5d8A792C80F426fc8F84FBF7Ce9bBCAC,1476,122176
0x70C4F75ebaF99e24d775C91867b1a844da6eF6FD,1476,243207
0x150038E658aDfab5F9FfC2A3DaA247cDdcA8f94C,1506,225411
0x5Ae97e4770b7034C7Ca99Ab7edC26a18a23CB412,1506,138834
0x72A0B5Ca437e2f161Ae02C7013d8dD61d5401749,1506,255353
0xAfa904152E04aBFf56701223118Be2832A4449E0,1506,429849
0x0aA8A7D1fB4c64B3b1DcEa9A7ADe81C59C25b95b,1512,378075
0x0b38210ea11411557c13457D4dA7dC6ea731B88a,1512,316810
0x100ae042Ef0EA159EcC3513E9A378FF21F3829ba,1512,220522
0x25f8087EAD173b73D6e8B84329989A8eEA16CF73,1512,285309
0x3b4aCd8879fb60586cCd74bC2F831A4C5E7DbBf8,1512,319972
0x509712F368255E92410893Ba2E488f40f7E986EA,1512,217742
0x5362Ca75aa3c0E714bc628296640C43dc5cb9ED6,1512,312616
0x5b2E06bAE7921f92CB1efC30707910ea12396a81,1512,675924
0x7AabE771aCcAa3F54a1B7c05d65c6E55d0Cd0Af6,1512,636631
0xA56cE568D5AF16C379CfD41BE98754F9b257eBC0,1512,134789
0xB64ef51C888972c908CFacf59B47C1AfBC0Ab8aC,1512,384816
0xCf01a5c02c9b9DD5bF73a5a56BcDbc9dca483D43,1512,380952
0xD13c7342e1ef687C5ad21b27c2b65D772cAb5C8c,1512,382078
0xD29DA236dd4AAc627346e1bBa06A619E8c22d7C5,1512,438964
0xDA1CB94aAe93890Ce66C79Bb1d46bE9411bEcB9a,1512,675924
0xaEe27FE40000c82CcBc9fcA2940000E18d9541f6,1512,259300
0xc9154424B823b10579895cCBE442d41b9Abd96Ed,1512,213776
0xfD4cB1294dF23920e683e046963117cAe6C807D9,1512,137744
0x9F4a099D74Fd8d19A557F364CbE3002505EB1d15,1524,156148
0x418749e294cAbce5A714EfcCC22a8AAde6F9dB57,1530,212767
0x76B4F2802A23cd169BA94a3475D2F295e3b90F53,1536,262851
0x2409aF0251DCB89EE3Dee572629291f9B087c668,1542,293614
0x4fb312915B779b1339388e14b6d079741Ca83128,1542,230815
0xD9f2A4fff0c1909272eA9b393613dCB2a27b1137,1548,586914
0xc35aC726a530ecC86ec47A008cE9b0DB67786B44,1548,107938
0x593Fe18af3FAb259040dEbAb257B0caCE8dB8Ea6,1554,129454
0x5ff0d2De4Cd862149c6672C99B7Edf3B092667A3,1554,232167
0x67466BE17df832165F8C80a5A120CCc652bD7E69,1554,617487
0x6Ee3aaCcf9f2321E49063C4F8da775DdBd407268,1554,221522
0x960692640AC4986fFCe41620b7E3aA03cf1A0e8F,1554,320150
0xB7d77627db294f757805820aE2C7F27A6337827E,1554,195447
0xE587A18198CD4A23C5ED7CB3035E020c95D89434,1554,207829
0xDd180c6387468E1Cb3D4a592016E8Fe0ae8Cc35f,1566,300308
0x3d8FBfFaDa66Edb970266086ba40493e6FCe98FF,1572,157406
0xDc71366EFFA760804DCFC3EDF87fa2A6f1623304,1578,140399
0x9DeaBf7815b42Bf4E9a03EEc35a486fF74ee7459,1584,184140
0xeb5ed670E8A512A7Ecd34188F8B5756Dba23d1C7,1584,189063
0x3a05E5d33d7Ab3864D53aaEc93c8301C1Fa49115,1590,605056
0x111111111117dC0aa78b770fA6A738034120C302,1596,442287
0x12dc96eB5606B06c957dB7Cb3E28A29129f78305,1596,267958
0x28561B8A2360F463011c16b6Cc0B0cbEF8dbBcad,1596,443284
0x3Afdc9BCA9213A35503b077a6072F3D0d5AB0840,1596,372224
0x491604c0FDF08347Dd1fa4Ee062a822A5DD06B5D,1596,320481
0x9B4a69dE6CA0deFDD02c0c4ce6Cb84de5202944E,1596,617303
0xBc0043bc5b0c394D9d05d49768f9548F8CF9587b,1596,72104
0xBd3531dA5CF5857e7CfAA92426877b022e612cf8,1596,252194
0xaa95f26e30001251fb905d264Aa7b00eE9dF6C18,1596,492732
0xf1BB41F9eD87e6c7E1F70e921b7B4bee1Df7Ae9c,1596,820604
0x004f747A91e05d0e2fbe8bF3CD39cDb2bCFAB02C,1608,180856
0x61f85fF2a2f4289Be4bb9B72Fc7010B3142B5f41,1608,271058
0xF4dA885744b6f3107CE13d2d30383dCe2eeA6C85,1608,138719
0x3D9256aD37128e9f47b34a82E06E981719477C18,1620,179547
0x5661cCE69Db3B3a464e5b6220E7bd833d57C1921,1620,185432
0xBd37Ddc387B911FB3B811a5033aE40027010060e,1620,258135
0xea907797Dd7243DE1ae030d97279eDde936AE779,1626,287026
0x5A5BCE2dBC4A1F4a41E73c94b39CD5C7d1A0B0f5,1632,547486
0x8B34b14c7c7123459Cf3076b8Cb929BE097d0C07,1632,342098
0x05654Ff0Cb3635fA5De00CC11607dBf203435C13,1638,252642
0x06450dEe7FD2Fb8E39061434BAbCFC05599a6Fb8,1638,672259
0x9040e41eF5E8b281535a96D9a48aCb8cfaBD9a48,1638,184275
0x9A1D00bEd7CD04BCDA516d721A596eb22Aac6834,1638,393467
0xC329400492c6ff2438472D4651Ad17389fCb843a,1638,519964
0xaC21a795A233B52F0B8a8dDD61709f6802a0797b,1638,239201
0x4A137FD5e7a256eF08A7De531A17D0BE0cc7B6b6,1644,259903
0x4E8f5128F473C6948127f9Cbca474a6700F99bab,1644,342255
0x4950012616B2A252B5ABE4991Bb113dA82325e2C,1656,466804
0xDBd324B73f6f85bf9013B75C442021303b635Ff9,1656,744647
0x01D265185591d30796c11A6065DD09829F230b3e,1668,297798
0xaAA55490721b72A3112323FC274e9798796CcE85,1668,301016
0x1a49d4Afc3eF76D53fB295A194910544273EF55a,1674,325751
0x0B7f0e51Cd1739D6C96982D55aD8fA634dd43A9C,1680,315131
0x0B8C700917a6991FEa7198dDFC80bc8962b5055D,1680,433954
0x2ccDC4432F10cF8605833500d3151073686E1FE4,1680,551864
0x33FD426905F149f8376e227d0C9D3340AaD17aF1,1680,315569
0x3597bfD533a99c9aa083587B074434E61Eb0A258,1680,406630
0x3D658390460295FB963f54dC0899cfb1c30776Df,1680,343780
0x4507cEf57C46789eF8d1a19EA45f4216bae2B528,1680,299524
0x4d1C297d39C5c1277964D0E3f8Aa901493664530,1680,497562
0x53BCdCc18f3bADA2CD749a72B28D55Eb7AbB3dD2,1680,102452
0x821C91DFF96E4BA155fbE457e9444B5105Ed11aE,1680,766176
0x83F20F44975D03b1b09e64809B757c47f942BEeA,1680,218554
0x8431060c8e72793aFaDA261E9DD0Ab950e80894F,1680,296262
0x9663fE9527567324A2ab26f93abd8F8E2b0d274e,1680,1590968
0x96B6AAE5Cdc5B6d2e1aC2EFc46162402F5a868B1,1680,301158
0xA4cE01bD7Dd91DA968a7C4A8D04282a3f5eA06bB,1680,559453
0xBEEF69Ac7870777598A04B2bd4771c71212E6aBc,1680,366774
0xC8A8Ce0Ab010E499ca57477AC031358febCbbF17,1680,357967
0xa8893C8e48d36C93042353668bFEDF5C847268ad,1680,308621
0xba5BDe662c17e2aDFF1075610382B9B691296350,1680,412712
0x7648eE5472fEf288508DF12aad12390d72250F6B,1686,205070
0x57891966931Eb4Bb6FB81430E6cE0A03AAbDe063,1692,197185
0xaA94Bd7710bd2499fBB0bFa5D5E4F385EB67B359,1692,142770
0xae41b275aaAF484b541A5881a2dDED9515184CCA,1692,235578
0xE06B3B73708C38a72107e4afdBA37C76eCB3A57B,1698,424946
0x605b23dDB04B02D3413d365aC01e87aC2e1A0367,1704,332856
0x7B740d24396B09F992B655A590139D7Fbb5C73c8,1704,332916
0xFe31f3EcfDE29Fc4915d80Eb8A9d67bFF14180B3,1704,332772
0x3A61da6D37493E2f248A6832F49b52Af0a6f4Fbb,1710,333374
0xcE5485Cfb26914C5dcE00B9BAF0580364daFC7a4,1710,208421
0x50371D550e1eaB5aeC08d2D79B77B14b79dCC57E,1716,210262
0xdbBe5e9B1dAa91430cF0772fCEbe53F6c6f137DF,1716,139942
0x77780aA5e04e0EB5004767352748399d9D6eAee0,1722,511913
0x8a4f252812dFF2A8636E4F7EB249d8FC2E3bd77f,1722,635342
0x9BE89D2a4cd102D8Fecc6BF9dA793be995C22541,1722,511271
0xBC8552339dA68EB65C8b88B414B5854E0E366cFc,1722,145065
0xD6f4196EDe7a5e83e4819bf77784F8b24D9475BD,1722,235516
0xa02C49Da76A085e4E1EE60A6b920dDbC8db599F4,1722,496072
0xfCeAAaEB8D564a9D0e71Ef36f027b9D162bC334e,1734,359667
0x08eb2EccDF6eBD7abA601791F23ec5b5f68a1d53,1740,316928
0x9659f749F3522E433AAd00488c42AAdA5e06fc5f,1740,1282253
0x51881A1Cde5DBAE15D02aE1824940b19768d8F2b,1746,341649
0x8419F704CD6520E2C3EF477ef9BFA3159Ea1ACA7,1758,395447
0xcC2688350d29623E2A0844Cc8885F9050F0f6Ed5,1758,293387
0x0323718324218dcBfF7c9f89bA5a5954F61A6c74,1764,539368
0x128F3e482F5Bd5F08Fe1b216E60EC0A6013deAB9,1764,421697
0x2Cf73796Be4613151a05A90bD4625225C8198c9C,1764,393472
0x31c8EAcBFFdD875c74b94b077895Bd78CF1E64A3,1764,316635
0x3b991130eaE3CcA364406D718DA22FA1C3E7C256,1764,446468
0x698b1d54E936b9F772b8F58447194bBc82EC1933,1764,334920
0xAdF7C35560035944e805D98fF17d58CDe2449389,1764,458949
0xDe30da39c46104798bB5aA3fe8B9e0e1F348163F,1764,499324
0xFc1C93a2507975E98b9d0E9260Ded61A00152BF1,1764,541774
0x69BfC7b0DeB166Aa4341A2C7437956B13ea74D9f,1770,2597970
0xfE5F68cDf736d007f2d70E7F3976458dBa9745F3,1776,122458
0xc08Edf13Be9b9cC584C5DA8004ce7E6Be63c1316,1788,265962
0x5D25bca128D7b35BfDCd697106d8470221D382a0,1800,242748
0x0345E97b81CB9C42f2C58b6b94e5B65F0DC2eEA0,1806,358083
0x0DDC6F9CE13b985DFd730b8048014B342D1b54F7,1806,301333
0x0cC2CaeD31490B546c741BD93dbba8Ab387f7F2c,1806,323556
0x4c9EDD5852cd905f086C759E8383e09bff1E68B3,1806,823732
0x991bb3506C1d7F275cDF9aFb2902F7DF0f7537BF,1806,699329
0x9cA6dC93A8e0947Ba0AA54520D9F27E657e60062,1806,269302
0xA455Af07c6fBd19d5fdae55C938376357bb79d53,1806,312878
0xA9AE72D5966EfF49BC1328fE145862F0F3160faa,1806,404473
0xf0163C18F8D3fC8D5b4cA15e07D0F9f75460335F,1806,518123
0x63b2B0528376d1B34Ed8c9FF61Bd67ab2C8c2Bb0,1812,310440
0xD351e7392dfE5E2B3591B979b0469cA23Bb2AA0a,1812,209877
0xc005dc82818d67AF737725bD4bf75435d065D239,1812,466444
0xd567b6D8e9C95d8a29e60018156becaBDC63E851,1812,303844
0x40359B38db010A1d0ff5E7d00CC477D5b393bd72,1824,210536
0x54647eD86652D8491D8b5c595b810367b74649D7,1824,389378
0xf2E2f46FFc2D4971142cbd7181197E35b10179f7,1824,384780
0x300777D580E4c6823E533dEFDCAdA788413CFEe3,1836,1215228
0xBC4CA0EdA7647A8aB7C2061c2E118A18a936f13D,1836,317102
0xC73baf7A1421aB883b3a981662f2d2d88F6f13f3,1842,125648
0x00000000219ab540356cBB839Cbe05303d7705Fa,1848,154530
0x02950460E2b9529D0E00284A5fA2d7bDF3fA4d72,1848,361202
0x23f3D4625AEF6f0b84d50dB1d53516e6015c0c9B,1848,676837
0x278dC748edA1d8eFEf1aDFB518542612b49Fcd34,1848,167219
0x41e5560054824eA6B0732E656E3Ad64E20e94E45,1848,461750
0x493f461aead031CeE2027f1b95370A692611ACB9,1848,361880
0x547003616fC1e8460f22Ce9EADC791A378b0930b,1848,638212
0x57a6dAdAf333582bcAafB95D04fCb9b6084Cf454,1848,606456
0x607F4C5BB672230e8672085532f7e901544a7375,1848,527298
0x60E1a5714AB98f4ba55811c45899Fb425433BB65,1848,306706
0x6923Cc9C35230f0D18eF813a0f3AA88400c78409,1848,222708
0x8A2279d4A90B6fe1C4B30fa660cC9f926797bAA2,1848,334976
0x946fb08103b400d1c79e07acCCDEf5cfd26cd374,1848,638084
0x9739ea15136482B6B6430910EA364CaCF3292824,1848,319206
0xAC57De9C1A09FeC648E93EB98875B212DB0d460B,1848,317364
0xFeAc2Eae96899709a43E252B6B92971D32F9C0F9,1848,590456
0x6AA94C6d2911CB94AF515c26E79DfefbD2A24D47,1860,1001022
0xE6f3494E839F3D3Fb36c407eB35cd85D90Dc3704,1860,464045
0xd2a08fF5F31d2F2d70C91960323C2ed31268ae25,1860,372292
0x5ae2663949AF4756710934cC528c0f0f7d9E5E7E,1866,404488
0x898bf05dFeC6a2CFBFDA2877fF759D62beEd7fe7,1866,402566
0xC71B5F631354BE6853eFe9C3Ab6b9590F8302e81,1878,775228
0x109Ba2F213c5F8A6EbEc289BE7C1B5ED0A9799A7,1890,362946
0x25B4f5D4C314bCD5d7962734936C957B947cb7CF,1890,634554
0x4B08528D3C0Bc46FAb2701ACEf64CD53D6B3f9cd,1890,276948
0x7561DEAf4ECf96dc9F0d50B4136046979ACdAD3e,1890,469538
0x7CF3d537733F6Ba4183A833c9B021265716cE9d0,1890,292422
0x8846FD6A7eB58c5d52cf35676E7f3bbb2d11236D,1890,970026
0x8b95f3e3c23300FA91D336DEDCF203d9B9724804,1890,449498
0xD9A442856C234a39a81a089C06451EBAa4306a72,1890,410564
0xb38eF8634E7263c408382024897629938aCf5CC0,1890,400782
0xf03A7Eb46d01d9EcAA104558C732Cf82f6B6B645,1896,252027
0x20F780A973856B93f63670377900C1d2a50a77c4,1902,278049
0x201295fd6A833259E852E59551724d2d81456c6c,1908,362832
0x95FaBdD34AdAC5070607e732a42888cB51666583,1908,234469
0x7Cf3876F681Dbb6EdA8f6FfC45D66B996Df08fAe,1914,405593
0x0622D41B165C82312759b38bB635A948846Ac68A,1932,456379
0x1495bc9e44Af1F8BCB62278D2bEC4540cF0C05ea,1932,708860
0x2077D81d0c5258230D5a195233941547cB5f0989,1932,557050
0x2aD9adDD0d97EC3cDBA27F92bF6077893b76Ab0b,1932,277234
0x42fa14d6e4642b3789d8B0272534a41d415663A9,1932,241737
0x507888e987257a8DdE6F8AFa46375CEfe2CbF504,1932,388730
0x6E2a43be0B1d33b726f0CA3b8de60b3482b8b050,1932,786596
0x953be9C1ADb9c651bBEC52E614c06EEe7FF9AA27,1932,333186
0xD4039ECC40AedA0582036437cf3ec02845DA4C13,1932,128877
0xE2cfD7a01ec63875cd9Da6C7c1B7025166c2fA2F,1932,604346
0xb9f599ce614Feb2e1BBe58F180F370D05b39344E,1932,688471
0xd084B83C305daFD76AE3E1b4E1F1fe2eCcCb3988,1932,660675
0xe74F76F86a25554a4d27D11DDF13f269b1234c45,1932,393747
0x6F768e0D9c06e1F64A8DdAeCF6597AD30F50e1e1,1938,278245
0x85AF271d1DFCBF53486D996f61D7FF0bba5582eA,1938,295833
0x4091428afFC997ff9e81B99a95827CEca3Fe6C39,1944,121383
0x1bc47a0Dd0FdaB96E9eF982fdf1F34DC6207cfE3,1950,292949
0xA882606494D86804B5514E07e6Bd2D6a6eE6d68A,1962,317242
0xB0bECf0fBfE431D42bA0FbD8dFBFbB0DCFd62Da4,1962,403463
0x2f9c790C37D675B459b500f823A52A7370B4b987,1968,239303
0xef58B643240178c2BC37681f8d4E50d7Ec37Ee22,1968,407888
0x6d45f93e64216f26b288bcf1E0963b606024023B,1974,1049875
0x748A0F458B9E71061ca0aC543B984473F203E1CB,1980,146347
0xd87bC554Ba21B135861da55706b4dd06F613aF51,1986,226459
0xbF2E102Fb382d6EC52823C8F81A45e9Caa951320,1992,127080
0x000000000000c9B3E2C3Ec88B1B4c0cD853f4321,2010,319648
0x108ce14704263c9e2db314E03929D5cf044756D3,2016,230448
0x1141f548506B793aABb8dfb775378472589B494E,2016,225870
0x1C70D0A86475CC707b48aA79F112857e7957274f,2016,212434
0x446C9033E7516D820cc9a2ce2d0B7328b579406F,2016,272968
0x4575f41308EC1483f3d399aa9a2826d74Da13Deb,2016,449910
0x5a61d3AD02592A273B318c249050eadd4DdC314f,2016,413924
0x65a43936d7e1295CcA6f30F6a0B25fe49cAb32c8,2016,416562
0x69af81e73A73B40adF4f3d4223Cd9b1ECE623074,2016,473988
0x74f70713B0515e9F520D6c764352E45e227839b7,2016,434430
0x86355F02119bdBC28ED6A4D5E0cA327Ca7730fFF,2016,263540
0x8657f37439A241AD439Ee98CA89a7755cA8c90B4,2016,801888
0x9D4C63565D5618310271bF3F3c01b2954C1D1639,2016,208638
0x9e18d5BAB2FA94a6A95F509Ecb38F8F68322AbD3,2016,544374
0xAf5191B0De278C7286d6C7CC6ab6BB8A73bA2Cd6,2016,522704
0xD835dbD135AD8a27214ecdEE79E7a41337865648,2016,161156
0xaA7a9CA87d3694B5755f213B5D04094b8d0F0A6F,2016,410798
0xba100000625a3754423978a60c9317c58a424e3D,2016,291102
0xfc4913214444aF5c715cc9F7b52655e788A569ed,2016,376990
0xe9B230DA91FE0f451d9b92Fd5213Bde058567Cd1,2022,276361
0x904170Aa58fB207fb95f3A84071848215D056BDc,2028,292427
0x000000000C56E91f092023d942Aee89b3Cc089Ff,2040,231351
0x34E158883eFC81c5D92fde785FBa48Db738711ee,2046,622611
0x4C19596f5aAfF459fA38B0f7eD92F11AE6543784,2058,372322
0x5b1085136a811e55b2Bb2CA1eA456bA82126A376,2058,342245
0x963590FaBDc1333D03BC3Af42a6B2Ab33e21e2eE,2058,519591
0xD504c63F103630719A8A1cF85F84C2Fb949e09a4,2058,747723
0xE8499b79fCc1939C5Bbb67422002D26Dfb2c4B0f,2058,234537
0xaFC9535a1893E860E148f5A53f1Ac75607484a37,2058,429468
0xf5e4fFeB7d2183B61753AA4074d72E51873C1D0a,2058,315442
0xCF3e6d40b3159358220CB2D4c0D6FA2C46F2D48f,2064,294724
0xD249942f6d417CbfdcB792B1229353B66c790726,2064,487027
0x481aeEB9bdFe08f050d22F0b352356691c4B0b59,2070,391584
0x1d5804aE896c64ECc88E15379061CE6230F11895,2076,426179
0x582d872A1B094FC48F5DE31D3B73F2D9bE47def1,2076,623974
0x9A5B545aA8B6289288E529c4099B0CcA62bcB708,2076,426863
0xAE80A59ba821544cB508808942C20C11442d8A9b,2076,425495
0x32818186A07bA5bEeD17a9BAe7658c1Dcc626bcB,2088,392108
0x9071cf975E24dB9D619f1DF83B5B3EFA2C4BD09e,2088,395725
0xe689A1526e769eafbEEdE3B470FAe65264c0c6Bc,2088,364225
0x96E729217FDA70e297D3366859Ccfb2B72bb7Df9,2094,568621
0x0DA9d9eCeA7235c999764e34F08499cA424c0177,2100,438642
0x12e23e57630531fc7A20935531Fe6EA2d9655aA6,2100,495917
0x58749C46Ffe97e4d79508a2C781C440f4756f064,2100,202507
0x706f89b32217ab25d2c4E4e75af0FF16d05dD0bb,2100,393665
0x74aabFDC3483eA47383ac61E195C454271491563,2100,307963
0x7d2768dE32b0b80b7a3454c06BdAc94A69DDc7A9,2100,386352
0x9Dd6957298Eeef89511c3e356921e4EE243a5554,2100,225038
0x9E46A38F5DaaBe8683E10793b06749EEF7D733d1,2100,403544
0xB26ff591F44b04E78de18f43B46f8b70C6676984,2100,952418
0xBA11D00c5f74255f56a5E366F4F77f5A186d7f55,2100,329831
0x07Db6D3c0bCcF748E18108F6143Be7E39403aF2d,2112,465835
0x2Ec90ef34e312A855becf74762D198D8369eEcE1,2112,182125
0x012f4baa6e0F5Ac4dFDF47BDdd9CF68a2B17821e,2124,5498277
0xCE3f08e664693ca792caCE4af1364D5e220827B2,2130,112266
0x307f22689FAD4BA2c58654B4C1Db9BC61fea5e13,2136,265415
0x55AA0f5e955aBa989f69C6216405B7d3624E5E16,2136,435400
0x23878914EFE38d27C4D67Ab83ed1b93A74D4086a,2142,341099
0x5c39Ad7B12487094f9222f0797B2A1eCBf708111,2142,517321
0xC73a02c63277fC12F28Ae6D78bD7E1B6b425911B,2142,712525
0xD45884B592E316eB816199615A95C182F75dea07,2142,758622
0xf86141a5657Cf52AEB3E30eBccA5Ad3a8f714B89,2142,242232
0x14f485D6480D76fe31e9332Ed4B87e704601b552,2148,335306
0xF98Ddb96d5898050bD9A44f651F9d7cB8FAc5e33,2166,222228
0x06B964d96f5dCF7Eae9d7C559B09EDCe244d4B8E,2172,481358
0x0C9a3dd6b8F28529d72d7f9cE918D493519EE383,2178,498429
0x29e7DF7b6A1B2b07b731457f499E1696c60E2C4e,2184,314868
0x6f40d4A6237C257fff2dB00FA0510DeEECd303eb,2184,503618
0x8457CA5040ad67fdebbCC8EdCE889A335Bc0fbFB,2184,746978
0xBBBBA1eE822c9B8fc134deA6aDfC26603a9cBBBB,2184,238378
0xa58E81fe9b61B5c3fE2AFD33CF304c454AbFc7Cb,2184,394654
0xf6274573191ff7B92a13cC79908B46C1ef963f47,2184,151783
0x7225f22Ff58eE241509094A3Fbc8781D258E04E1,2196,220939
0xE62Efa5462961055757C63931a15601545E4d273,2196,443769
0x76538F77ce2CC5e2408392e0c20d6ee991c8FA60,2202,462909
0x0Ed9ECb0E620a3DdF837fB48cAEfcac1CE94ca2E,2208,311034
0xD5f3f5fDA00fF9112BCA0A091f0fc60Fe6565a57,2214,1691858
0x02993cdC11213985b9B13224f3aF289F03bf298d,2226,451377
0x1a2EB478FA07125C9935A77b3C03a82470801E30,2226,767429
0x66a1E37c9b0eAddca17d3662D6c05F4DECf3e110,2226,1278019
0x95Ed629B028Cf6AADd1408Bb988c6d1DAAbe4767,2226,740674
0xdaF14950155DF895E9D0fd2521D05477d26F462c,2226,457771
0xcbE5F4E8a112F25C2F902714e3cBB7955F19Bb36,2232,316927
0xfdb7eF80BD6aB675CD52811BfB9329FbD9B92aBA,2232,312295
0x0cF35d92174637FCE074f4630BAA1397Bd88cE0f,2238,278327
0xfF9B21c3bfA4BCE9b20b55fEd56d102ceD48b0F6,2238,332181
0x26BBEA7803DcAc346D5F5f135b57Cf2c752A02bE,2244,402217
0x8DDbBcC0999f396237b6534Ac600eBb0d8618c99,2250,344074
0x02FB4d3c11dE211FC1975bf50d188C6DAef73440,2256,855606
0x34d85c9CDeB23FA97cb08333b511ac86E1C4E258,2268,518968
0x4C36d2919e407f0Cc2Ee3c993ccF8ac26d9CE64e,2268,298520
0x84018071282d4B2996272659D9C01cB08DD7327F,2268,344766
0x8407490c88667C1C5Ca2910f95Dd4027C84e1804,2268,240124
0x8918BA30E2e76b503E83D55eb08936B0f979EEC4,2268,464141
0x9cdf242Ef7975D8c68D5C1F5B6905801699b1940,2268,802941
0xB192908E533FC64109A20eE7d056175a24f17a55,2268,577621
0xEE2a03Aa6Dacf51C18679C516ad5283d8E7C2637,2268,396368
0xc9557A2dcAADABfCBAadAA72b73dd48D9fAf8144,2268,536052
0xf34960d9d60be18cC1D5Afc1A6F012A723a28811,2268,407207
0x007bA668154EAaC2257Dcf3c9f37341C87254a84,2274,136997
0xB6c658c7AE321f846DEbE8A3023521fb9EcAE337,2274,353863
0x84C82d43f1Cc64730849f3E389fE3f6d776F7A4E,2280,195699
0x3B4D794a66304F130a4Db8F2551B0070dfCf5ca7,2298,540510
0xa3419Fb152F8b6BB611295893a1667706C244218,2304,316375
0x2631618408497d27D455aBA9c99A6f61eF305559,2310,304730
0x22eEC85ba6a5cD97eAd4728eA1c69e1D9c6fa778,2316,552862
0x415669455d93B755eFe7F20eF6f1DBdCE7f68f7d,2322,411787
0x954DcDc3b9640A01d87bb49E89A8BA74e9dc3Cc4,2322,262424
0x88dF592F8eb5D7Bd38bFeF7dEb0fBc02cf3778a0,2328,300162
0x90817bCcafAb6D5be9E0198252Ba70C542a91bac,2328,424994
0x942980B2Cf35fA4F20eE564F92854856735DBD8a,2328,548606
0xeeCE9CD7Abd1CC84d9dfc7493e7e68079E47eA73,2334,405866
0x00005EA00Ac477B1030CE78506496e8C2dE24bf5,2340,717211
0x53D5BD0E7fAa9ee3eafEf7C5572D54DB1b7f5b25,2346,273250
0x01e3cc8E17755989ad2CAFE78A822354Eb5DdFA6,2352,483336
0x0d2ADB4Af57cdac02d553e7601456739857D2eF4,2352,626809
0x4c381D4FDA7AFc274F53a6f48E7C2a703DEe0191,2352,306631
0x594DaaD7D77592a2b97b725A7AD59D7E188b5bFa,2352,1025004
0xA188EEC8F81263234dA3622A406892F3D630f98c,2352,185470
0x15d1ff81455D40e7ABcB0Ca521724f76ABaddB0a,2358,423408
0x3ca84A3Cb34A83900791F5c954f2BE386aA4f0b2,2364,275607
0x97eBd4f9FfCFE0cBC8F63A4e0B296FbB54f0a185,2382,287310
0x198Cf9A9222D965475C4575e97CE42174C9f55F1,2394,2057171
0x4c5F53015f3aDB1b1d15DDf4e17edAaE6fA185A5,2394,369503
0x7384Efc4Db0A8358DCf99b5901FADb0623872dE7,2394,292821
0x84367b8b8cB5C7Ce38476289eDD88E2C9259E5E1,2412,1463550
0x84e717025Caa84016B8998A12D8Da9CBf8A8D6E8,2412,333467
0x5d66C1782664115999C47c9fA5cd031f495D3e4F,2430,562227
0xa0315Fa13A6346BB724aa9a5642aF72D64f9f0aA,2430,744690
0xbd02c51150a4Ab6Ce97B9de2025644594F3E75B8,2430,393261
0x0555E30da8f98308EdB960aa94C0Db47230d2B9c,2436,314251
0x1202F5C7b4B9E47a1A484E8B270be34dbbC75055,2436,605197
0x7039cd6D7966672F194E8139074C3D5c4e6DCf65,2436,521798
0x7629fc134e5a7feBEf6340438D96881C8D121f2c,2436,312433
0x8EeeDbf69Fec72cc68Fb55052222bF689ed4a5F6,2436,471307
0xb6aAa0EfDfAC186652e3b31a6f07A9A74D1B5A75,2436,433410
0xF96798F49936EfB1a56F99Ceae924b6B8359afFb,2442,234282
0xB0fFa8000886e57F86dd5264b9582b2Ad87b2b91,2460,572438
0x1698a3e248FF7F0f1f91FE82Eedaa3F1212D1F7F,2472,243693
0x27D80441831252950C528343a4F5CcC6b1E0EA95,2472,446216
0x6c6EE5e31d828De241282B9606C8e98Ea48526E2,2478,462552
0x80B73eF4534FE245300017A5197451973559c00f,2478,393235
0x88909D489678dD17aA6D9609F89B0419Bf78FD9a,2478,1055677
0xCbc0D2838256919e55eB302Ce8c46d7eE0E9d807,2478,409822
0xDd66781D0E9a08D4FBb5eC7BAc80B691BE27F21D,2478,1048924
0xc575BD129848Ce06A460A19466c30E1D0328F52C,2478,1055789
0x00000000000002185059cF5344ebBAD38E3d43C0,2496,173107
0x1a88Df1cFe15Af22B3c4c783D4e6F7F9e0C1885d,2496,357819
0x33C0D33a0d4312562ad622F91d12B0AC47366EE1,2520,291261
0x39fBBABf11738317a448031930706cd3e612e1B9,2520,855829
0x5a3e6A77ba2f983eC0d371ea3B475F8Bc0811AD5,2520,576714
0x675B68AA4d9c2d3BB3F0397048e62E6B7192079c,2520,711518
0x7d5706f6ef3F89B3951E23e557CDFBC3239D4E2c,2520,457312
0xBB0E17EF65F82Ab018d8EDd776e8DD940327B28b,2520,625009
0xD235Ef6902D02edb994054776B1F9bc652411914,2520,411184
0xb59490aB09A0f526Cc7305822aC65f2Ab12f9723,2520,422383
0xebb46688c5a1d17A1606AF5d597D296662075D9E,2520,569154
0xc6764e58b36e26b08Fd1d2AeD4538c02171fA872,2526,209149
0xD2CC9b5e3A8BF6A7A162372041B397e60eDd9b05,2532,509636
0xE2da0Cf4DCEe902F74D4949145Ea2eC24F0718a4,2550,324540
0x82f5104b23FF2FA54C2345F821dAc9369e9E0B26,2556,292076
0xe0FFe43cc924c751bb2Dc787bcf8529b8ded4b70,2556,318965
0x1e68238cE926DEC62b3FBC99AB06eB1D85CE0270,2562,395910
0x421b05cf5ce28Cb7347E73e2278E84472F0E4a88,2562,885313
0x97C1A26482099363cb055f0F3Ca1D6057Fe55447,2562,417877
0xF047ab4c75cebf0eB9ed34Ae2c186f3611aEAfa6,2562,464118
0x3488d35B470735a3A90E1C13cEa5d1041c89c23F,2574,726756
0x037A54AaB062628C9Bbae1FDB1583c195585fe41,2604,601959
0x03Bf48b8A1B37FBeAd1EcAbcF15B98B924ffA5AC,2604,816696
0x6E146D9188e1cC9087eB836bf2D9fad28787c107,2604,319361
0xB62132e35a6c13ee1EE0f84dC5d40bad8d815206,2604,729817
0xD0097149AA4CC0d0e1fC99B8BD73fC17dC32C1E9,2604,728387
0xd07669F262EE2f293Ae307fA0905614CD2Ee6016,2604,327588
0xd6203889C22D9fe5e938a9200f50FDFFE9dD8e02,2604,1104740
0xC7757805B983eE1b6272c1840c18e66837dE858E,2610,278866
0xd3f64BAa732061F8B3626ee44bab354f854877AC,2610,380017
0x6dB0F2f526d946Ba87302F92C8875952D4538103,2616,376856
0x705D292863472Ce2510668BD8f91BDbc5B5E42BF,2616,376521
0xad9ebe719E5077Ef5E4BAde7c84E72A094Ee6F3b,2616,376856
0x000000000000feA5F4B241F9E77B4D43B76798a9,2622,252215
0x90334b621dC068d54e09c9F5006A67052dfB7D07,2628,338598
0x46978CD477A496028A18c02F07ab7F35EDBa5A54,2634,314010
0x32353A6C91143bfd6C7d363B546e62a9A2489A20,2646,842541
0x41DFc53B13932a2690C9790527C1967d8579a6ae,2646,463511
0x467Bccd9d29f223BcE8043b84E8C8B282827790F,2646,627777
0xDA564D24b7413eD1386CCBB921973546bAF5b4Dd,2646,443967
0xa3EE21C306A700E682AbCdfe9BaA6A08F3820419,2646,201168
0x04FBa5c7D6D0ACaD6bbedd94cEcB8De21ab8B409,2652,542770
0x09843f74Adf077A3dD7B1571526165D91466A5Ea,2652,542696
0x4E9d3660f0FD2b5276A3Ef765Dd78D92BcA822f8,2652,544376
0x5482FdBc78aE237FAB24e34B4Cbb64c92324BA0d,2652,540896
0x6e62677fCB86501712b7B65D9a8eba40f6348A72,2652,542696
0xaC6Dd5D70aBF45179122074A3Bc750dF5aA1Cf69,2652,542770
0x89d43d991F47924Dd47C9b6a7Fa17C6a15091999,2658,409859
0x4315f344a905dC21a08189A117eFd6E1fcA37D57,2664,616676
0xFF551fEDdbeDC0AeE764139cCD9Cb644Bb04A6BD,2664,484030
0xA4D65Fd5017bB20904603f0a174BBBD04F81757c,2670,522872
0xE00AdA5D778DcC1b2713288992F54889EA55453E,2670,228370
0x2B0ee28D4D51bC9aDde5E58E295873F61F4a0507,2676,809483
0xdf615eF8D4C64d0ED8Fd7824BBEd2f6a10245aC9,2676,379597
0x4d9cDB3F367a93Ef942f1564feE5e58D2B68220E,2682,443817
0x1776e1F26f98b1A5dF9cD347953a26dd3Cb46671,2688,425846
0x21FC7B250CCAeECDb2abb38e04617D1f24D98772,2688,824248
0x2350f3f02548d73258AC496c8EF0BFd9bC991Dad,2688,451834
0x313416870A4da6F12505a550B67bB73c8E21D5d3,2688,407271
0x3A1A007A688aF3f86e81885eE6D30932f7AD1a91,2688,477800
0x65086e9928d297Ebae6A7d24D8c3Aea6f8f6b5d7,2688,582733
0x735AcDEDd91a80334Ff72f07BFf41E1eEcF26677,2688,881760
0xE07ECC676daf0B24B24a1c46c966D9C463984B38,2688,881784
0xb0AC2b5a73da0e67A8e5489Ba922B3f8d582e058,2688,790924
0xdB4Fb78a5Af0760AD6b8a398600566D9F1C0b5df,2688,510088
0x3f29cB4111CbdA8081642DA1f75B3c12DECf2516,2700,432539
0x644192291cc835A93d6330b24EA5f5FEdD0eEF9e,2718,598442
0x01cd6eCE857cCC90d66eDFB3e57fDC5AdAaD1412,2730,528176
0xA0Ef786Bf476fE0810408CaBA05E536aC800ff86,2730,1026596
0xC0F0CF7aD4a96089bCEC0129e71E083FB59b8c9b,2730,525744
0x4aE48F037eC8de86D986D15C42314A9C80A3AC89,2736,343322
0xa21342f796996954284B8DC6AAe7ecBF8f83A9e4,2736,252528
0x990cfBBDc5aeB794B657b4309017F84479e8Eb7D,2748,564377
0x760762B30991A01F492E9ff067583a0C85d5768F,2766,551564
0x1aBaEA1f7C830bD89Acc67eC4af516284b1bC33c,2772,474058
0x4e3FBD56CD56c3e72c1403e103b45Db9da5B9D2B,2772,595788
0x97Ad75064b20fb2B2447feD4fa953bF7F007a706,2772,1435721
0xee4136acb988e76aAC186b2B87BEcfAc7e5E36cb,2772,195768
0x33f8116dF2B81e1Dbe6f884a1740Fe6a18cAcD06,2778,300579
0x56105EeE98A3c6B01242fFd8F84eb4B68F8080A6,2778,301957
0x02ffD95ae4d9Cd96319F70dF24cA48A40C2230cB,2784,254641
0x1EeF208926667594E5136e89D0e9DD6907959197,2784,445704
0xc135b516e399C1ed702588D887FBBE6F2d1bA27A,2784,304862
0x28AC01d4790eD04b378CA32C90E443b3Cb6358Cd,2796,341105
0x9c434A2d262d17C57b3d5361781eA090e251F77e,2796,598015
0xAcd2c239012D17BEB128B0944D49015104113650,2808,785441
0x0D8775F648430679A709E98d2b0Cb6250d2887EF,2814,802371
0x8881562783028F5c1BCB985d2283D5E170D88888,2814,961870
0xbe0Ed4138121EcFC5c0E56B40517da27E6c5226B,2814,1034225
0xf80c6636F9597d6a7FC1E5182B168B71e98Fd1cB,2820,388191
0x9b2B253D75DC61FC9ae512e04850e258bEbEf8C6,2826,372324
0x1CEBd13797636b94C5CaD7108CEbE42D2Fce7732,2832,229647
0x4f578F233509bE0cac281D39f1830DebD7ac7e49,2832,367256
0x659b68756cF7E8f992bA097a64c9e5553CD7c194,2844,320960
0x7bF3873253EFF590f4145AF1a1880Cf6a4a5CBd7,2844,380546
0x18aAA7115705e8be94bfFEBDE57Af9BFc265B998,2856,684863
0x313d26bF14c4362883Cc798d4aA50352FC55c954,2856,344905
0x4c363649D45d93A39Aa2E72cB1bEae5e25C63E88,2856,296924
0x7b5F2b926c1262c8850113a2B75115807E73257E,2856,752592
0x7f39C581F595B53c5cb19bD0b3f8dA6c935E2Ca0,2856,912828
0x278b77Bb127081cad7BecA2d7b863C459a436Dd6,2862,861871
0x6774Bcbd5ceCeF1336b5300fb5186a12DDD8b367,2868,430105
0xD0dCEf57Dd0F196dD549a3C56332166C2f2ded4b,2868,542625
0xf8A16864D8De145A266a534174305f881ee2315e,2868,327074
0x519D13817FFDC16764AF768C5Ef3c7A34e05aC0a,2898,494292
0xB8c77482e45F1F44dE1745F52C74426C631bDD52,2898,770132
0xE73d53e3a982ab2750A0b76F9012e18B256Cc243,2898,2975349
0x566Ab5072CDB9cBEa216f9f9aB6AE11ee2f53203,2904,587050
0x58F7B2D3C210DCAfF672E499f5CaC2454a5bE4eb,2922,283077
0xd5a597d6e7ddf373a92C8f477DAAA673b0902F48,2922,181136
0x292fcDD1B104DE5A00250fEBbA9bC6A5092A0076,2940,690696
0x7DD9c5Cba05E151C895FDe1CF355C9A1D5DA6429,2940,703871
0x8793C6aA63CC96c955DA4906f628DC09cd595dC8,2940,612804
0xF5c80c305803280B587F8cabBcCdC4d9BF522AbD,2940,331548
0x0E233CFde879814937385e8748A8E899926402E0,2952,579220
0x6E9b2511ac711dAbf74a82F3eDC2Eef4CDFB13Fe,2952,371841
0x416e26e331Fc0b77386e9dDB5Ed9AdE73F1241F4,2958,4795569
0x48C11b86807627AF70a34662D4865cF854251663,2970,500922
0x56A67D475DeD20f1120d6377988Ae12992888aC4,2970,1004518
0x7183C87f425D87BcbF8E2891940E6be78ce60f5D,2976,350872
0x9188db2825BD0AD76a2Ba3aba21274428dC696e5,2976,602386
0x2a42Ccca55FdE8a9CA2D7f3C66fcddE99B4baB90,2982,292044
0xbdEb4bA6A1BB01e01Ed64F11ED8F6f4b906AF52B,2982,311050
0xC21e4ebD1d92036Cb467b53fE3258F219d909Eb9,2988,479436
0xf23bB21d39a99837a6Fa8Cf471047ebD61910D66,2988,602359
0x08C4b60fda8aA6239b7de7d165BCF6F1686Cad82,2994,397972
0x150FE8DBB943c372F3e8C31d9c89f1E6A13cBBFd,2994,932624
0x4066D196A423b2b3B8B054f4F40efB47a74E200C,3012,628192
0xEb4d67DBa18b3bE04484dFC7B7c2780E8D32A79d,3018,242365
0x4401c51110e7d3a970Fe48AeaeE8249b181210a1,3024,506536
0x6bd39dAfEca6e5898d93e8f2d169B4f9ddaD502b,3024,835152
0xAd37f4B08E90067E5Bb90D6D022CF5AAF7b1d718,3024,325400
0xCB0477d1Af5b8b05795D89D59F4667b59eAE9244,3024,995068
0xdCD48419bD5Cd9d1b097695F2af4Ee125aADF84F,3024,904359
0xA2Bd91Fb0c8258134706629edf7464C14bAB8b66,3030,213203
0xB7e8A90Dd85d5c1Cea987C452872eaB36F518686,3030,349322
0x9AC7d14D57b444D3d5A7890f519a6864901Be8CE,3036,236709
0xB02F39e382c90160Eb816DE5e0E428ac771d77B5,3042,314790
0xEd0c66f41b1F588f61629Ae7bE979F004363F8a4,3048,311192
0xF3f4a364AcEe6378749405f7db259fBa8Cd40666,3054,294685
0xaE14148F726E7C3AA5C0c992D044bE113b32292C,3054,444635
0xAc37729B76db6438CE62042AE1270ee574CA7571,3066,484978
0x8236a87084f8B84306f72007F36F2618A5634494,3096,1021903
0xBEEF8e0982874e0292E6C5751C5A4092b3e1BEEF,3096,351282
0x000000000022D473030F116dDEE9F6B43aC78BA3,3102,756358
0x1DE458031bFbe5689deD5A8b9ed57e1E79EaB2A4,3108,300129
0x4Dbd4fc535Ac27206064B68FfCf827b0A60BAB3f,3108,1277654
0x5fdf4ABaF24d8229deFBD28890cb01E0d8108e96,3108,620237
0xb081919C68AA5D50e3Bc0eF213dc391512DD45A1,3126,438479
0xc3a99a855D060D727367c599Ecb2423e0bEbEe24,3132,800155
0x6F20721f1333a642432ed42b6b2029F446E367Ed,3138,513967
0x8AF9CA49688e52787f31742dC259002148efAA62,3144,588512
0xaBEA9132b05A70803a4E85094fD0e1800777fBEF,3144,207232
0x0aE674AF7D95848e2f759C789A6C9166bbE14c0b,3150,554164
0xaa9Ac8eEfC41986F81a1f24BBaF4427C05Bded6B,3150,366558
0x401F6c983eA34274ec46f84D70b31C151321188b,3156,394270
0xDED4Dd6E03A7CaA6278Ee453BE2C26363f50643D,3162,426386
0x0bc529c00C6401aEF6D220BE8C6Ea1667F6Ad93e,3192,718448
0x57B946008913B82E4dF85f501cbAeD910e58D26C,3192,540796
0x6c8984bc7DBBeDAf4F6b2FD766f16eBB7d10AAb4,3192,941326
0x8164Cc65827dcFe994AB23944CBC90e0aa80bFcb,3192,229762
0x3071BE11F9e92A9eb28F305e1Fa033cD102714e7,3204,268341
0x0095000000DB0032BC922828a2F3d5Af2Fe29602,3216,517586
0x134cCaaA4F1e4552eC8aEcb9E4A2360dDcF8df76,3228,345904
0x00000089cE005cA0482B9106196E00167257a17d,3234,356061
0x0030E030F816AC33A1C32BBeFf22683ADbE3ef96,3234,233073
0x07951756b68427e7554AB4c9091344cB8De1Ad5a,3234,415287
0x64Bc2cA1Be492bE7185FAA2c8835d9b824c8a194,3234,888347
0xBBbbCA6A901c926F240b89EacB641d8Aec7AEafD,3234,572042
0xE52c349318C21AA08D7B28C0f476F29aC4B747d3,3234,326854
0xC18360217D8F7Ab5e7c516566761Ea12Ce7F9D72,3240,736399
0x8aed0055D691e6d619AcC96Ad0fB3461f5774646,3264,479872
0x941196506D609ac63Adf3e447A66bB7E9a8e665c,3264,456648
0xF5DCc34159077f9Ad45F50Bc019F770e1E7Fd049,3264,448628
0x23F5a668A9590130940eF55964ead9787976f2CC,3276,532565
0x44108f0223A3C3028F5Fe7AEC7f9bb2E66beF82F,3276,939366
0x44971ABF0251958492FeE97dA3e5C5adA88B9185,3276,1071848
0x5FC429110A64bC51b57Ca86dCE1714FD0fBec303,3276,622901
0x5c47902c8C80779CB99235E42C354E53F38C3B0d,3276,428626
0x65c55F33F9493E8702FEea89B4fA357283eD3841,3276,366064
0xA4eDDFE4bA5143Ac17Fd6bC1E53de0384DF8C660,3276,993003
0xd86002Fa355F10AB6faDa604b337160975e7BC01,3276,294804
0x428cda6c1994B926F75a4830D5BaeDEe9dB2aC58,3288,480328
0x4b18d95B3CA275AdaD67F1dC81c0FE0D1FB58d59,3288,480710
0x0fe08D911246566fdFD4afE0181a21ab810EE1C2,3300,401060
0x72816Ed92c6ac422b9CE4E2355E7042a1cF70862,3306,2014655
0xE41d2489571d322189246DaFA5ebDe1F4699F498,3318,837657
0xc2d26d13582324f10c7c3753B8F5Fc71011EcF57,3324,425628
0x744d70FDBE2Ba4CF95131626614a1763DF805B9E,3348,483189
0xD4416b13d2b3a9aBae7AcD5D6C2BbDBE25686401,3354,591523
0x46950Ba8946D7be4594399bcf203fB53E1fd7D37,3360,1188860
0x64D9b639aE85a1e436c1752889c5C40699f3887C,3366,850012
0x7A3c0C5fADde89185947639f256A3AC3D162CEbB,3366,307417
0x6D7c44773C52D396F43c2D511B81aa168E9a7a42,3384,1291367
0x5D469E1ef75507b0E0439667ae45e280b9D81B9C,3390,918699
0x777B2Cc540E5E6824a5ceafB04c5a383874a6Bf5,3390,582632
0x643aDac1a1Fc6cCE46120bc7FEe8f58a7E535328,3396,606454
0x857679d69fE50E7B722f94aCd2629d80C355163d,3396,395753
0x3FEFc5A4B1c02f21cBc8D3613643ba0635b9a873,3402,1914169
0x58D97B57BB95320F9a05dC918Aef65434969c2B2,3402,854859
0x660802Fc641b154aBA66a62137e71f331B6d787A,3414,327331
0x85f9c368Ad1EC4594B65090D9CdA7d4b0579fc5E,3438,561594
0x3509f46F770Ecf2A642aF4622318911f8e556E3E,3444,806541
0x38E68A37E401F7271568CecaAc63c6B1e19130B4,3444,605491
0xbCe44616D96BA1659FAc008ed3D9f171F67D254e,3444,411475
0x243205E5c413534d0702ea981A35256E6853857F,3480,725696
0x585B3e95EEdd03AF221F724557D03384864Da3ca,3480,712960
0x33fB87A18D141586f976495b67F83Ae3CC3C836b,3486,234879
0x4AbDbEAaC641AE1709136658A6f65C6024EB6A10,3486,476114
0x636dEb767Cd7D0f15ca4aB8eA9a9b26E98B426AC,3486,743104
0x8eD97a637A790Be1feff5e888d43629dc05408F6,3486,1096047
0x83215480dB2C6A7E56f9E99EF93AB9B36F8A3DD5,3492,862834
0xE27d4Ed355e5273A3D4855c8e11BC4a8d3e39b87,3492,828502
0xdEA6fdEA0471ce1545331B7b93Fdbd43786fa4c2,3492,411071
0x4315990D9eeAFFdFAfD49958b4851F203FA1126f,3504,834854
0x39AA39c021dfbaE8faC545936693aC917d5E7563,3522,569703
0x51cB253744189f11241becb29BeDd3F1b5384fdB,3528,1357821
0x8290333ceF9e6D528dD5618Fb97a76f268f3EDD4,3528,746130
0x9e91F79070926A191e41367d40aD582686f9e66D,3528,596808
0xA1D5443F2FB80A5A55ac804C948B45ce4C52DCbb,3534,266132
0x6aEeF00A3A55b2a11C96e59b48bdb3f30DD8125A,3540,721269
0xC0C7eB4A39BAa77fD52715BD1dcE2246Df85E489,3540,722085
0x5A85402e2cB607aE0db7d54024292Af4D60445be,3564,3787938
0x06dD71dAb27C1A3e0B172d53735f00Bf1a66Eb79,3588,572759
0x0FcEd0519f62AbB5a22f95DcA0e194af7B84c598,3588,449931
0x17bfAfA932d2e23Bd9B909Fd5B4D2e2a27043fb1,3600,936782
0x3Dc0D7C8f6925422AF7CFEafaF1588c185C05624,3600,730274
0x6d4130edc913eAc8B22c2a1864b491b34C3ad493,3600,387026
0x1294f4183763743c7c9519Bec51773fb3aCD78FD,3612,732189
0x524cAB2ec69124574082676e6F654a18df49A048,3612,837182
0x6759aCD57cB5EA451a3eDF397734eDDDFc123049,3612,835280
0xa346Bd80943Aa3042E6709d80Ce9C3b8fbeAc4Ab,3612,367892
0xc00e94Cb662C3520282E6f5717214004A7f26888,3612,808083
0xffc4B196548820f641C522dE7Db6D015B75123BB,3612,418903
0x326b536781143cCF6c250EF63b005Cd1A60DD30E,3618,571529
0x682A61Ac4d87d5476e8B49CC3A03f8B414CC4e52,3624,416477
0x9Eb5d23979c9827e1f4BAa119Bd54F9AF88F3aD3,3624,393896
0x453a8f1c6d60aa487Af1e21203001017A4F45fA3,3630,226548
0xEd92dDe3214c24Ae04F5f96927E3bE8f8DbC3289,3630,348243
0xC97F5f2FDE4fe6e220069F8D3718bE4FaC7C00f0,3636,607481
0x4385328cc4D643Ca98DfEA734360C0F596C83449,3654,904520
0xe5718BbC5B347B5bA3EAb66c4B3D81a7642FB17D,3654,507630
0x5427FEFA711Eff984124bFBB1AB6fbf5E3DA1820,3660,579866
0xD189662F5c4D93f63088c4A3c09a65EF476E3235,3660,1015026
0x0e87bF5286C4091e0eeb7814D802115dFBb4c4cd,3672,933781
0x5954aB967Bc958940b7EB73ee84797Dc8a2AFbb9,3684,658802
0x8e687c6a8256c324C58a48102E4b96470A6e8e8A,3690,1144173
0xBf76162CaFD7ea535d257B8fb1b324D3fAD4ca91,3696,576156
0xC011a73ee8576Fb46F5E1c5751cA3B9Fe0af2a6F,3696,988469
0xD55B0B380a84B365BbA7a9eeD4dD6156eB0CCB1a,3696,760470
0xb1690C08E213a35Ed9bAb7B318DE14420FB57d8C,3696,655743
0x1cd5b73d12CB23b2835C873E4FaFfE83bBCef208,3708,555043
0xEB6915F71BB18BcD8a6763187Fcb004Ff91e8695,3708,458658
0x9b9d7297C3374DaFA2A609d47C79904e467970Bc,3714,407983
0x3C62a5a8FAd324F25b282b073d3599266dD1ABCe,3738,326849
0x64780CE53f6e966E18a22Af13a2F97369580Ec11,3738,406344
0xde6AcEAF7F2dCEB3d425643C5F85351f2B38FcdE,3738,1250453
0x8F08B70456eb22f6109F57b8fafE862ED28E6040,3744,731335
0x6BFaD42cFC4EfC96f529D786D643Ff4A8B89FA52,3762,295789
0x7C81247aE0A35B03e3f4A704DCD6b101dcA53Abd,3762,344036
0x3593D125a4f7849a1B059E64F4517A86Dd60c95d,3780,905606
0x495f947276749Ce646f68AC8c248420045cb7b5e,3780,839674
0x9ee8c380E1926730aD89e91665FF27063b13c90A,3780,667812
0x6CA2A628fb690Bd431F4aA608655ce37c66aff9d,3792,1157644
0xBd4b515Ed602792497364De7C306659297378FAe,3792,334192
0x0000000000bbF5c5Fd284e657F01Bd000933C96D,3804,404271
0x00008feF5d521D547b8Cc37A5B5f004B62c70000,3804,891710
0xe1De9910fe71cC216490AC7FCF019e13a34481D7,3816,656613
0x9E87a268D42B0Aba399C121428fcE2c626Ea01FF,3822,933261
0xee481F8632792f8503687e563d08094417A76b6f,3822,821758
0x8AaDF849561DcCeC75DA44d1147E736E0cc0134E,3840,767776
0x8898B472C54c31894e3B9bb83cEA802a5d0e63C6,3846,292140
0xA2A786ff9148f7C88EE93372Db8CBe9e94585c74,3846,573273
0xad161b8bEb5bf2Af9cDA30E3988B13F62E70431B,3852,283071
0x38b6D3a6AcEDc2d1de2C48d8CFeD710fd58bE5D6,3864,598884
0x7DaC2C6a4b0EC57431844B8f78D2d612BB1E0d38,3864,261196
0xbBf4Fa564A9d9F83f7bD2080262831d129b4B867,3864,491678
0x3F382DbD960E3a9bbCeaE22651E88158d2791550,3870,398151
0x0fc584529a2AEfA997697FAfAcbA5831faC0c22d,3888,435264
0xD31a59c85aE9D8edEFeC411D448f90841571b89c,3906,2545020
0xA869817b48b25EeE986bdF4bE04062e6fd2C418B,3912,590755
0xbf5A7F3629fB325E2a8453D595AB103465F75E62,3918,389046
0x148167F173cEC5FCE6e2E303dF314Efd65b8e441,3948,525621
0x6B3595068778DD592e39A122f4f5a5cF09C90fE2,3948,911488
0x7E7A0e201FD38d3ADAA9523Da6C109a07118C96a,3948,243835
0xCa14007Eff0dB1f8135f4C25B34De49AB0d42766,3948,864742
0xD7EFB00d12C2c13131FD319336Fdf952525dA2af,3948,1171855
0xc11158c5dA9db1D553ED28f0C2BA1CbEDD42CFcb,3948,670656
0x6f3E6272A167e8AcCb32072d08E0957F9c79223d,3954,929207
0x3B604747ad1720C01ded0455728b62c0d2F100F0,3960,193811
0xFe837A3530dD566401d35beFCd55582AF7c4dfFC,3972,341894
0x1A3496C18d558bd9C6C8f609E1B129f67AB08163,3990,725333
0x58b6A8A3302369DAEc383334672404Ee733aB239,3990,750212
0x6985884C4392D348587B19cb9eAAf157F13271cd,3990,1229149
0x6De037ef9aD2725EB40118Bb1702EBb27e4Aeb24,3990,1477155
0x1Ae81257e246d43d7efb6280AA54bB439e064386,4002,302200
0xf1df7305E4BAB3885caB5B1e4dFC338452a67891,4002,680479
0xce23bD7205bF2B543F6B4eeC00Add0C111FEFc3B,4008,257717
0x5A5eF327eF829C585Dc017971a29286Ee1aE2866,4014,315155
0x7FA53CFa56EfA77e723FFC21Ba61a921c99d5eC5,4014,315155
0xA085a462B46c51CC1c3072922F072A1e15748bFa,4014,315155
0xF38326579519377178725A741C35999E8051e907,4020,795793
0x8E7046e27D14d09bdacDE9260ff7c8c2be68a41f,4026,680259
0x0C46Dc0BA85eAb5A515f819F1a705eD324dA687B,4032,832524
0x377E168aF6A06075423AEDe50856dE177EfaAc3E,4032,1269616
0x5991A545293bd1Cf1e946899772E0E0d68B6D35B,4032,607625
0xe53EC727dbDEB9E2d5456c3be40cFF031AB40A55,4032,857613
0x00cD000000003f7F682BE4813200893d4e690000,4056,569472
0x8707f238936c12c309bfc2B9959C35828AcFc512,4074,655829
0x98083E22d12497c1516d3C49E7Cc6cD2CD9dcBA4,4098,640313
0xEce9CF6A8F2768A3b8b65060925B646AfEAa5167,4098,672609
0x2e44f3f609ff5aA4819B323FD74690f07C3607c4,4116,1028391
0x68BbEd6A47194EFf1CF514B50Ea91895597fc91E,4116,948766
0x6000da47483062A0D734Ba3dc7576Ce6A0B645C4,4146,252396
0x787A0ACaB02437c60Aafb1a29167A3609801e320,4146,775733
0x30B18F1c425123314C82b0236D7a349433755386,4152,851278
0x3BaE89B27Cc92c8f3FC97617cDd0F196e992E4b2,4152,708334
0x8AdeE124447435fE03e3CD24dF3f4cAE32E65a3E,4158,709167
0xc0eb4042267aB672d2362D05E628cfC47A07B06E,4158,649540
0x4Cf8Fa115fa361A4f77749559eF47B8B520D643C,4164,411234
0xC33984ABcAe20f47a754eF78f6526FeF266c0C6F,4170,463660
0x9bB6d4b928645EdA8f9C019495695BA98969eFF1,4176,431622
0x16BCbaCB2F9A2FbD8C825d3c3Da41961Fb6213B7,4200,459880
0x2151C90C93F52bE82186f162c86DaEABc8911188,4200,489718
0x755A078Dee1c264A3053F02CD634e750d505CF85,4200,1117322
0x9732F64A02ffcfc2C388B291abCC60c6ACD273ba,4218,806799
0x1bF5457eCAa14Ff63CC89EFd560E251e814E16Ba,4230,1331030
0x57beDd7eb4C3118669f4F33A3CAe4D4B554f24b7,4236,672960
0x8bE3460A480c80728a8C4D7a5D5303c85ba7B3b9,4242,1156913
0xa19f5264F7D7Be11c451C093D8f92592820Bea86,4248,334762
0xD25CBfebbAA009fF19EC5C4233A1F5EAa553b703,4260,602684
0xAC32ebDBA8cf2907e0b35F4b023b2751b2bd0169,4266,750130
0x308861A430be4cce5502d0A12724771Fc6DaF216,4272,994412
0x46A15B0b27311cedF172AB29E4f4766fbE7F4364,4272,1022641
0x9A103aB4FE2De5db16338B16FD7550D21d7b8DB6,4272,415030
0x37bA4427F664557e92493C5858A81C9B90fC09d6,4284,570846
0x4737D9b4592B40d51e110b94c9C043c6654067Ae,4284,552657
0xc685e430cFBe5070B5a76cfD5Da8f234698b2Be2,4284,1231424
0x8e5660b4Ab70168b5a6fEeA0e0315cb49c8Cd539,4296,350724
0xCEDd366065A146a039B92Db35756ecD7688FCC77,4296,629398
0x20AeafB78d078f218B87437102c77a0949a0ACf4,4308,360230
0x4347f29d65458fD02F3278Cfb55AFA1CD072D037,4326,1385248
0x3BEc1Fc3556cbdfd9Ebf9Ff398EF0434f1D7aD03,4362,409259
0x40A2aCCbd92BCA938b02010E17A5b8929b49130D,4362,434346
0xeb9bf100225c214Efc3E7C651ebbaDcF85177607,4374,7257720
0x74a09653A083691711cF8215a6ab074BB4e99ef5,4386,686836
0x34dF79AB1F3Cb70445834e71D725f83A6d3e03eb,4404,739863
0x01d33FD36ec67c6Ada32cf36b31e88EE190B1839,4410,1040058
0x44ff8620b8cA30902395A7bD3F2407e1A091BF73,4410,1708603
0xF06F96f37f97196af37b226FbcB6Aab07Ef9b0e1,4410,797761
0x1CD776897ef4f647bf8241Ec69549e4A9cb1D608,4416,457234
0x74312363e45DCaBA76c59ec49a7Aa8A65a67EeD3,4416,592851
0x662568Db8EFc92b4abed6B790627D1787Ead44dC,4434,381465
0x5BC0F0911034d23c90c96945d9c072596ee64ed5,4464,387183
0x9641d764fc13c8B624c04430C7356C1C7C8102e2,4464,374913
0x66d84fedED0e51aeB47ceD1BB2fc0221Ae8D7C12,4488,615019
0x320623b8E4fF03373931769A31Fc52A4E78B5d70,4494,1218359
0x3a51bdf9013633Ae934a3630db96f09aE4c5814a,4494,396861
0x951f99350d816c0E160A2C71DEfE828BdfC17f12,4494,429557
0xb33D999469a7e6b9EbC25A3a05248287b855eD46,4494,2118305
0xc7bc4A43384f84B8FC937Ab58173Edab23a4c3cD,4494,464106
0xd72a6BA4a87DDB33e801b3f1c7750b2d0911fC6C,4500,1109312
0xCd5fE23C85820F7B72D0926FC9b05b43E359b7ee,4506,1845675
0x7BB91daFDb5e1aA7d56a1D6C93Fa774678406cEB,4530,652816
0x0Ffb0503300E571D9cEd3Be4E41e0Df902eAae67,4536,701223
0x823dE2c44369e94CAc3DA789Ad4b6493e27e4Bfe,4536,283870
0x118CF10748B4Ab532213c5973B5191d9E0db5421,4548,542091
0x1a0ad011913A150f69f6A19DF447A0CfD9551054,4548,996240
0xcEEC6dF6DCA288D1e8f11E6b5e6a49F80E0D71D1,4566,762060
0x6b1FC0c4370ee907220c3Af561940d3E21081f9B,4578,300698
0xFA7093CDD9EE6932B4eb2c9e1cde7CE00B1FA4b9,4584,2816639
0xaa37c2Af105F08cdf8e4E191416e0F623C7Fa175,4584,1285340
0x1B586bcad859a265592e7A10856AEd85B344eEb2,4590,966279
0xa0181758B14EfB2DAdfec66d58251Ae631e2B942,4596,538942
0xFe0c30065B384F05761f15d0CC899D4F9F9Cc0eB,4602,1196053
0x5BA1e12693Dc8F9c48aAD8770482f4739bEeD696,4614,444887
0x45804880De22913dAFE09f4980848ECE6EcbAf78,4620,903633
0x4E15361FD6b4BB609Fa63C81A2be19d873717870,4620,1281063
0x767FE9EDC9E0dF98E07454847909b5E959D7ca0E,4620,1095966
0xBCA3039a18c0d2f2F84BA8a028c67290bc045AFa,4620,999264
0x4C991CE2E92D7128663CB771456BffC70d050dE4,4626,1107449
0x04Fa0d235C4abf4BcF4787aF4CF447DE572eF828,4632,928976
0x4e1DCf7AD4e460CfD30791CCC4F9c8a4f820ec67,4638,2928121
0x437636e4b984EAe19045626AA269a89f906cf96c,4650,438272
0x933597a323Eb81cAe705C5bC29985172fd5A3973,4674,733574
0x739B355dCbb9c5163FB17AD381b1fC79b094bBFB,4704,537378
0x21d956eAeCCe336b714150B8cC8CE36905306bdA,4716,691999
0x3506424F91fD33084466F402d5D97f05F8e3b4AF,4746,1062215
0x4a610757352d63D45B0a1680e95158887955582C,4746,362711
0x602C90D796D746b97a36f075d9f3b2892B9B07c2,4746,436039
0x8F6449530606A9EFddaC42e05612427dDeBA449C,4770,354690
0x8CEDb0680531d26e62ABdBd0F4c5428b7fDC26d5,4788,763988
0x9DC37e4a901b1e21Bd05E75c3B9A633A17001a39,4800,580472
0x6E0064cB01008bcb00a91F00dc43E500a2CE00D6,4806,734416
0x88ad09518695c6c3712AC10a214bE5109a655671,4824,604609
0x5f3b5DfEb7B28CDbD7FAba78963EE202a494e2A2,4848,1525585
0x72Ce9c846789fdB6fC1f34aC4AD25Dd9ef7031ef,4860,1072580
0x65BbAD6545B7ac9C30Fb0f07e64e25106Bf05eEc,4872,788508
0xBe9895146f7AF43049ca1c1AE358B0541Ea49704,4872,1117336
0xD683B81c2608980DB90a6fD730153e04629ff1A3,4872,529020
0x47176B2Af9885dC6C4575d4eFd63895f7Aaa4790,4878,970631
0x429Cf888dAE41D589D57F6Dc685707beC755fe63,4896,679737
0x283Af0B28c62C092C9727F1Ee09c02CA627EB7F5,4908,533924
0x71402CAe40859ED9367af5eE44ea53b54fdecDA7,4914,2569637
0xb1911D8FFcC2d8cA6c5EA4F4f18bE6ea675c1Ce7,4932,568940
0x96D15D08538A17A03B0210FD1626D5f42bdba9a4,4944,509084
0x8e2d8CC719500DE7Ac8DC23E1D073029938C22c4,4956,1560801
0x61E2de83bBab5A7a5bb2C5d40a5f737135eEaa13,4968,572164
0xbc27B882b65E40205EfCB9373b11B06caA7c0f81,4974,524192
0x3567aa22cd3ab9aEf23d7e18EE0D7cf16974d7e6,4998,1410877
0x520658654A231f8E452277C7B7E331032F516C79,5004,637516
0x180c77aE51a9c505a43A2C7D81f8CE70cacb93A6,5010,623238
0x1121AcC14c63f3C872BFcA497d10926A6098AAc5,5040,1277376
0x5be6e0e0bbe7711DD118B9DC3C68cCF9BB9754Ea,5040,3051804
0x6bDC201CF27A34833C3A7d7dF5ebcd519883ab89,5040,793206
0x72e4f9F808C49A2a61dE9C5896298920Dc4EEEa9,5040,1120080
0x7a91BC4C9308844446792B51b99F5d111178D42d,5040,587168
0x23859b51117dbFBcdEf5b757028B18d7759a4460,5052,1102665
0x3A7fccE588740c4fD0E391717E2c72b34e835151,5082,390179
0x8A2725a6f04816A5274dDD9FEaDd3bd0C253C1A6,5112,974340
0x26E550AC11B26f78A04489d5F20f24E3559f7Dd9,5124,1564288
0x7473cA4D39034e6ae2533483fd5980a57d158429,5142,735579
0xbcfE5c47129253C6B8a9A00565B3358b488D42E0,5166,304426
0x42Afc2F6aE88678296EcB2eBA34cCfbd1Adc5F93,5184,1045252
0x57E9E78A627BaA30b71793885B952a9006298AF6,5202,625548
0x34bdbA9b3D8E3073Eb4470cd4C031C2e39C32DA8,5220,804570
0x07042134d4DC295CBF3aB08a4a0eFF847a528171,5238,364561
0x142A1690671db35337b3Ed8007Aa9c6E90B5f439,5244,604641
0xC4441c2BE5d8fA8126822B9929CA0b81Ea0DE38E,5250,1479541
0xD3a4DA66EC15a001466F324FA08037f3272BDbE8,5250,965872
0x48BA574Edf0bc4E2E40B529863aaA6a67c264E7C,5268,577485
0x8cFc184c877154a8F9ffE0fe75649dbe5e2DBEbf,5280,1042111
0x93670efe073e0d75BE16445779a8399E6b418004,5280,388761
0xF53D4f2E79d66605aE7c2CAdc0A40A1e7CbE973A,5292,1053804
0x364e94A1bF09Fc6498e979e7715Bb13fa6e9F807,5304,646986
0x7060FE0Dd3E31be01EFAc6B28C8D38018fD163B0,5328,500520
0x078Ba686C71bf487E262fe9eD595cF6aC5f75122,5334,1339627
0x94C1610a7373919BD9Cfb09Ded19894601f4a1be,5334,915768
0x49f66B1616865b2a59caECb8352bbf2AC80983e1,5346,2108683
0x556B9306565093C855AEA9AE92A594704c2Cd59e,5352,513099
0xd555498a524612c67f286dF0e0a9a64a73a7Cdc7,5406,830562
0x5fe65B1172E148d1Ac4F44fFc4777c2D4731ee8f,5418,410991
0x7d3e4165fd7D8590fB2a415A550F7bdecE5c4F52,5418,1622242
0x246fCdC18bF3781B4c5100B3A6DEcEf8DBcC8a31,5424,240066
0x060E990A7E760f211447E76a53fF6E1Be2f3Bdd3,5442,730691
0x0bb217E40F8a5Cb79Adf04E1aAb60E5abd0dfC1e,5460,1220460
0x84E1361fC7c9e4E38270454D62684EC315A0A276,5460,789847
0xB86E490E72F050c424383d514362Dc61DaBB1Cc3,5460,845835
0xC2D019b901f8D4fdb2B9a65b5d226Ad88c66EE8D,5472,708747
0xbEb5Fc579115071764c7423A4f12eDde41f106Ed,5496,1164384
0xeAd024098eE05e8e975043eCc6189b49CfBe35fd,5502,866724
0x1409262A7A05c7B1ca7675c12721b18328686022,5508,757817
0xA755c18CD2376ee238daA5Ce88AcF17Ea74C1c32,5526,928360
0x16C6521Dff6baB339122a0FE25a9116693265353,5544,667020
0x25aB3Efd52e6470681CE037cD546Dc60726948D3,5544,1050843
0xD533a949740bb3306d119CC777fa900bA034cd52,5544,2155688
0x09E01425780094a9754B2bd8A3298f73ce837CF9,5574,452445
0x1CbC08bf0D48b18F9f97796c61352b192d1850A5,5610,388957
0x3472A5A71965499acd81997a54BBA8D852C6E53d,5616,858583
0x3fC29836E84E471a053D2D9E80494A867D670EAD,5622,1621761
0x66761Fa41377003622aEE3c7675Fc7b5c1C2FaC5,5628,1043759
0x9f8F72aA9304c8B593d555F12eF6589cC3A579A2,5628,1414402
0x5C5b196aBE0d54485975D1Ec29617D42D9198326,5670,911932
0xF7Ca73fb04abc558944615dBC6AE6f56E3b4C6e0,5670,1162359
0xb04Af4843e3808e1FE6F7A8ee4F456937D7Afae8,5670,684208
0x055C48651015Cf5b21599a4DED8c402Fdc718058,5676,975425
0x826A4f4DA02588737d3c27325B14F39b5151CA3C,5700,802904
0x163f8C2467924be0ae7B5347228CABF260318753,5712,1838889
0x330AAf38bca7f6f0832773365441f5AA7Fb615b7,5712,1492811
0x53f67b67418dcFB5ca88D443ee82584148b3c973,5712,420503
0xD1FCaae72700fF59a0DC33C8317bad4303E42B24,5712,1454059
0x3e727Be720576A99243e78Be4890f985a2BE893d,5748,5035095
0xbf28C9FCb12A97441488f9C68FaA49811a98688a,5748,642612
0x50DC9aE51f78C593d4138263da7088A973b8184E,5754,334899
0x6B4B6359Dd5B47Cdb030E5921456D2a0625a9EbD,5772,765630
0xA0b73E1Ff0B80914AB6fe0444E65848C4C34450b,5796,1343988
0xEC0820EfafC41D8943EE8dE495fC9Ba8495B15cf,5838,802840
0x8D1f2eBFACCf1136dB76FDD1b86f1deDE2D23852,5844,914994
0xB1E3B407d3e729Fd591C9e741676916791006cc4,5850,967395
0x33475220F3B004Bf60FbBc32ef4A0a33f2549E44,5874,1169592
0xeCCDA2eFC51f595cdEEd0bD60e7C53E3Ccd26BA4,5880,1625160
0xbae23964D9dC2bF913d488a428f49CCE8a85B2E7,5898,532958
0xd46042f503B8Ec0A166af8C0BFbB0a3C562353F9,5976,1341340
0x1527d2174272DED88b81B0E94177Cb6C6ba77d00,5994,992605
0x1bBe1bE1fB532a010762665cfCbed31595367e5d,6048,533682
0x92Ef6Af472b39F1b363da45E35530c24619245A4,6048,3732918
0xb23d80f5FefcDDaa212212F028021B41DEd428CF,6054,2424955
0x38D43a6Cb8DA0E855A42fB6b0733A0498531d774,6090,1158806
0x574fca658b4B59E965C0e5f74761AE0Ac41DA6a7,6090,1026118
0xb8506D42Ad5FD6A672B42Aec94b82846876D458E,6090,719868
0x453060a34B0462fD4fad2dA99cF880DdEd9B5F65,6108,1093118
0x35000fF728A2fAEDF39BcFA1c8698efA8d8072c1,6120,1192208
0xa3931d71877C0E7a3148CB7Eb4463524FEc27fbD,6132,1038631
0xdbd03D676e1cf3c3b656972F88eD21784372AcAB,6132,1392432
0x0AbdAce70D3790235af448C88547603b945604ea,6144,581546
0x4BFbA79CF232361a53eDdd17C67C6c77A6F00379,6174,560832
0xc54cb22944F2bE476E02dECfCD7e3E7d3e15A8Fb,6174,1130751
0xC059A531B4234D05E9ef4ac51028F7E6156E2CCe,6192,1215339
0x9D39A5DE30e57443BfF2A8307A4256c8797A3497,6216,1632194
0xd7852E139a7097E119623de0751AE53a61efb442,6264,699837
0xBEEF01735c132Ada46AA9aA4c54623cAA92A64CB,6318,284339
0xD460F9384f5328cf93dF6970cDBFe392BE03D006,6366,799184
0x5F79636fa7bc622eA48802E6cf80A5dae814daE1,6378,774143
0x64c5cbA9A1BfBD2A5faf601D91Beff2dCac2c974,6384,2241994
0xFcB51642a2a33EAFefD79c236480E295ccBD4A44,6408,448604
0x53522fA4156dc18EC0Fd5219D4d5A98C358aa6FB,6420,1215026
0xc107EbafDE048a6769aEf78528F6779592421249,6432,541772
0x38913051E01D4F6910cB66bB9aC3cb77D746Ad81,6468,169576
0x808507121B80c02388fAd14726482e061B8da827,6468,1536142
0x5C20B550819128074FD538Edf79791733ccEdd18,6510,1159814
0x4305FB66699C3B2702D4d05CF36551390A4c69C6,6516,591320
0x3980c8929B0909261EfB5b9d0526729ab9eB81D7,6522,408217
0xc5a076cad94176c2996B32d8466Be1cE757FAa27,6540,379395
0x3fA642C0bBad64569eb8424af35F518347249216,6546,1137217
0x0F5D2fB29fb7d3CFeE444a200298f468908cC942,6552,1631685
0xc7aF3511AF71f0b2c2EfED4733a402dCaC5B36A2,6552,779758
0xf621Fb08BBE51aF70e7E0F4EA63496894166Ff7F,6564,1314349
0x7D7609bF7c3A3c91D524C718FcBfD93398C76603,6582,623772
0xFaa763790b26E7ea354373072baB02e680Eeb07F,6582,664666
0x35b8f67107b7C04Cef5a3ab92170ac16Ca61BEd6,6600,1134258
0x3Aee3e96c9E340cBe0fFFC5224Db9e97949f3899,6624,417611
0x7Bb69f559ce50AF8e93D45c65B1C147fDA8e7031,6630,1330859
0x629392E7AA4d3Bceb0BfE60Bf171CAc0a58F2783,6636,1368160
0x656cB8C6d154Aad29d8771384089be5B5141f01a,6636,1953037
0x96C68D861aDa016Ed98c30C810879F9df7c64154,6672,271324
0x30D20208d987713f46DFD34EF128Bb16C404D10f,6678,1305020
0x6fC79dDD0379Fd11d67dD73056465e822b843d13,6684,662527
0xb92929d03768a4F8D69552e15a8071EAf8E684ed,6684,543126
0xA05E9ce379212742F6Bc011A42De68EA9F086f56,6714,5422243
0x34f5C46Bc8D76f0484e4368cBe6c12af91c31Fb7,6720,914688
0x56e6F1BFFde5DCcd9A183585cE31f2902FC52707,6744,989289
0x78253E2E6120164bd826668A4C96Db20f78A94c9,6744,436472
0x98078db053902644191f93988341E31289E1C8FE,6744,752668
0xc8418aF6358FFddA74e09Ca9CC3Fe03Ca6aDC5b0,6762,1356270
0x7ee8424eB8871c3c2021068Ccaec6dDcDa0c882F,6774,1117693
0x0ab81F382Fa01Caa886c4c4dFe4A507E1cAb9559,6828,639449
0xf977adAd470808A92C2765F6fB37DF211Db4e823,6882,1190015
0xED306e38BB930ec9646FF3D917B2e513a97530b1,6960,921508
0x858646372CC42E1A627fcE94aa7A7033e7CF075A,6990,1167861
0x036721e5A769Cc48B3189EFbb9ccE4471E8A48B1,6996,1045878
0x231b0Ee14048e9dCcD1d247744d114a4EB5E8E63,7002,1312227
0x25e849E019000018D8E400bf0007000888e66000,7020,1436973
0x32955B1023b45CEA1EA7Eae895Df53Dd78C25F35,7044,1296840
0x44c4ADAc7d88f85d3D33A7f856Ebc54E60C31E97,7056,319310
0x1E163594e13030244DCAf4cDfC2cd0ba3206DA80,7074,469342
0x5d2725fdE4d7Aa3388DA4519ac0449Cc031d675f,7080,427995
0x324c5Dc1fC42c7a4D43d92df1eBA58a54d13Bf2d,7116,540652
0x9A6fAe683549309386b633275a4f6933a022a092,7140,1728389
0x92726F7dE49300DBdb60930066bc1d0803c0740B,7152,443707
0xBBBBBbbBBb9cC5e90e3b3Af64bdAF62C37EEFFCb,7194,628983
0x5cE71E603B138F7e65029Cc1918C0566ed0dBD4B,7224,316007
0x9D58779365B067D5D3fCc6e92d237aCd06F1e6a1,7236,733804
0x12BEEF35025841EFccb77D6EE40df86400Fdb4bB,7254,788713
0x45ca8f6D7B6cdD13EffB1Cd06829d1d9273A8913,7266,1214671
0x6408076E4DAa13C499a23417a70AeC6D239a6e70,7272,622038
0xc2eF7Ef0bEE740420b076fe4021a0DaDce14E90B,7278,827412
0x4d224452801ACEd8B2F0aebE155379bb5D594381,7308,2281487
0xfC1E690f61EFd961294b3e1Ce3313fBD8aa4f85d,7344,688883
0xBf68CC2020c6af7cEd2186e606B2E4D91CbeD04f,7350,3073432
0xDDB3422497E61e13543BeA06989C0789117555c5,7350,1195234
0x419dcD0f72ebAFd3524b65a97ac96699C7fBebdB,7356,463068
0xb90ed4c123843cbFD66b11411Ee7694eF37E6E72,7368,2545758
0x2801592e5Cdd85aC4e462DB2abC80951705cf601,7470,1201573
0xF5C9F957705bea56a7e806943f98F7777B995826,7476,530077
0x7251FEbEABB01eC9dE53ECe7a96f1C951F886Dd2,7488,974412
0x0B5B1797B10c4DED4121e7Ec34d637D3E41710fE,7494,703950
0x1908d3917358C5a466909Db0aabE7856d5DB2795,7518,2010031
0x5BD63a7ECc13b955C4F57e3F12A64c10263C14c1,7536,2629454
0x000000060e56DEfD94110C1a9497579AD7F5b254,7548,710041
0x455e53CBB86018Ac2B8092FdCd39d8444aFFC3F6,7560,2796914
0x15a80Ef197cF0Be3592987af7C12bd4f056eac25,7572,1191641
0xd19d4B5d358258f05D7B411E21A1460D11B0876F,7572,2873412
0x062Bf725dC4cDF947aa79Ca2aaCCD4F385b13b5c,7584,782460
0x4f1cDF43f5E407abD569878976960d4d0A3d3452,7584,777649
0xb6D149C8DdA37aAAa2F8AD0934f2e5682C35890B,7584,787148
0xBAe30F064b2E96644f900A9F6c7A5cDc11247344,7596,1365180
0x6DEA81C8171D0bA574754EF6F8b412F2Ed88c54D,7644,1917947
0xB6a37b5d14D502c3Ab0Ae6f3a0E058BC9517786e,7644,1547732
0xa6a147946FACAc9E0B99824870B36088764f969F,7662,948717
0x56AA437A8Ca779ea15fF3787C007857C7b3D936d,7680,803293
0x7f50786A0b15723D741727882ee99a0BF34e3466,7686,406663
0x592daEb53eB1cef8aa96305588310E997ec58c0c,7716,1013868
0x8731d54E9D02c286767d56ac03e8037C07e01e98,7740,1184656
0x5413C0BeC24A050907319935DF4933f554DF70A1,7752,1252238
0x3DD5A8007AdF2AAB06B13d9E3Be3574E216286ED,7758,1823325
0xb14C9d0beC7f3732c826f77362dDDa6A23c09F73,7800,1295314
0x761D38e5ddf6ccf6Cf7c55759d5210750B5D60F3,7812,2221991
0x05f226755b11cB3666340551EbBAa615CDFEFdD6,7854,1839783
0xc662c410C0ECf747543f5bA90660f6ABeBD9C8c4,7860,1786320
0xc194B61A0206C96535B7CE83985AC561aec6eF6F,7890,6081854
0x3845badAde8e6dFF049820680d1F14bD3903a5d0,7896,2584587
0xC388B6fc810eA71Cf809233f66F6897aB648a6da,7896,870666
0x3db76cc3673FeF9b454562DF53188Ac3147826f8,7944,3220324
0x41472fDdbAEc17E2a98F125Cacf8f76F919EA095,7950,577351
0x000000002b0184B12e908bf97941f2f5385C9820,7968,984764
0x8E02d37b6Cad86039BDd11095b8c879B907F7D10,7980,2879383
0xc026395860Db2d07ee33e05fE50ed7bD583189C7,8004,1031269
0xa3144E7FCceD79Ce6ff6E14AE9d8DF229417A7a2,8046,1495393
0x8629Bcd3b8a90fD7247F0c0E0e1434C69DADCCA7,8064,7714185
0xF57e7e7C23978C3cAEC3C3548E3D615c346e79fF,8064,2340215
0x4e033931ad43597d96D6bcc25c280717730B58B1,8100,1308824
0x626E8036dEB333b408Be468F951bdB42433cBF18,8106,2511188
0xFc29813Beeb3c7395C7A5f8dfC3352491D5ea0E2,8106,1194183
0xc3d688B66703497DAA19211EEdff47f25384cdc3,8106,1136997
0x2c6C87E7E6195ab7A4f19d3CF31D867580Bb2a1b,8160,719259
0x64e85D289842F07362dc26d37EE0289153549ddB,8160,1374176
0x3CACa7b48D0573D793d3b0279b5F0029180E83b6,8172,1492261
0xd061D61a4d941c39E5453435B6345Dc261C2fcE0,8214,381975
0x5182feDE730b31a9CF7f49C5781214B4a99F2370,8226,998559
0xEC99492DD9EF8cA48f691acd67D2c96A0a43935f,8274,840308
0x5ebc127fae83ed5bdd91fc6a5f5767E259dF5642,8280,1076432
0x417e1bCF39742534ae65988E4Eb3eAC1A243cBC0,8316,832429
0x0000E0Ca771e21bD00057F54A68C30D400000000,8322,1386286
0x5a54fe5234E811466D5366846283323c954310B2,8352,1307100
0x27D21C4Fa62F063B5f005c5BD87cffEa62e348D1,8364,1210265
0x4FEF9D741011476750A243aC70b9789a63dd47Df,8376,3121832
0xaa0C3f5F7DFD688C6E646F66CD2a6B66ACdbE434,8418,924968
0x7A9C9FB2e5B968A34e81C1B24cb509F54C38DBBD,8490,1277120
0x03f7724180AA6b939894B5Ca4314783B0b36b329,8520,1199195
0x3Ef3D8bA38EBe18DB133cEc108f4D14CE00Dd9Ae,8532,879341
0x2EA3A9A13A741b627d7997AE056F31429587E68F,8610,1140635
0x62D0A8458eD7719FDAF978fe5929C6D342B0bFcE,8610,1986478
0xA35923162C49cF95e6BF26623385eb431ad920D3,8652,3019114
0x14feE680690900BA0ccCfC76AD70Fd1b95D10e16,8694,2168449
0x3fFEea07a27Fab7ad1df5297fa75e77a43CB5790,8694,1339005
0xBd3fa81B58Ba92a82136038B25aDec7066af3155,8694,945452
0x342F0D375Ba986A65204750A4AECE3b39f739d75,8700,953393
0x66a9893cC07D91D95644AEDD05D03f95e1dBA8Af,8712,959138
0x5523D3c98809DdDB82C686E152F5C58B1B0fB59E,8724,1192127
0x04F121600c8C47A754636fc9d75661a9525e05D5,8736,4089192
0xBe0217EC718bB973291577253EE2fF918A988727,8736,336465
0x50A9b27D9F0E8b4b9d5c1B54093ec8aD22e4fc79,8778,1620929
0x56cA1D8dCDD8d675b03f6b3aa24a9F63582bE6e3,8778,1604640
0x698192C9F0996eEa12B492d6806A98d2Fa928658,8790,566292
0x6ADb2E268de2aA1aBF6578E4a8119b960E02928F,8874,263338
0xD90a01c487564Ba6CEF5c3870C1251afF0c49E53,8892,396381
0xA4b93d80cEeaF2960927BB719092A1529979Ac93,8904,1140970
0x8E32B8A41f2E86A3EE198912ac8d756C84295b40,8934,1104611
0x29300b1d3150B4E2b12fE80BE72f365E200441EC,8994,5244389
0x1AEd6E67279c5669B4af8a52E65Ea0283B79334c,9072,3803296
0x9757F2d2b135150BBeb65308D4a91804107cd8D6,9108,1226403
0x54e44DbB92dBA848ACe27F44c0CB4268981eF1CC,9180,1066494
0x65b382653f7C31bC0Af67f188122035461ec9C76,9180,1719890
0x00000000000000ADc04C56Bf30aC9d3c0aAF14dC,9222,663193
0xd1f5d2A59Ef194aE00F27b2DA6599ce207ddE7cB,9234,522818
0x0021053b73a20cB418d0458f543aC3e46d24137e,9282,1885634
0x6A1B588B0684dACE1f53C5820111F400B3dbfeBf,9288,1488311
0x090185f2135308BaD17527004364eBcC2D37e5F6,9450,2982356
0x4025ee6512DBbda97049Bcf5AA5D38C54aF6bE8a,9450,5603986
0x4da27a545c0c5B758a6BA100e3a049001de870f5,9462,1416323
0x09E6E69650Ff0Cee8f37c32C61a0E0813a413CeF,9492,825679
0xF3cb43F19C668e34173D4Bb59E551a2c6E37d778,9522,1015412
0x762340B8a40Cdd5BFC3eDD94265899FDa345D0E3,9534,837990
0x378Ba9B73309bE80BF4C2c027aAD799766a7ED5A,9576,578687
0x3a5cc8689D1b0cEf2c317bC5C0aD6Ce88B27D597,9576,1685507
0x7A69820e9e7410098f766262C326E211BFa5d1B1,9588,1693753
0xD16d5eC345Dd86Fb63C6a9C43c517210F1027914,9594,1022035
0x594f4983Df88c3d84caA6eb30C18fBA1986ED6f1,9618,1113785
0x695341AD7Dbf5316E7Fa32e6B98629cA7a072405,9672,2474961
0x56C526b0159a258887e0d79ec3a80dfb940d0cD7,9810,612675
0x125B367C16C5858f11e12948404F7a1371a0FDa3,9840,2272406
0x32d2662EFFcdAc9B6fbD99D1bDb8c235e77C3F3C,9954,2075071
0x0226387E4755865DE4bF801Cc7F3EDF1bE8ff7bA,9984,893261
0x0000000000A39bb272e79075ade125fd351887Ac,9996,6166060
0x35D173cdfE4d484BC5985fDa55FABad5892c7B82,9996,1555370
0x2B08D7cF7EafF0f5f6623d9fB09b080726D4be11,10032,5395863
0x4BA59aD628C2E19bCb117814541b0Ac0C41ce15C,10050,650448
0x9f452b7cC24e6e6FA690fe77CF5dD2ba3DbF1ED9,10068,1465169
0xb55Dcc69d909103b4De773412A22AB8B86e8c602,10080,848424
0x3FACe000cb537ad065b90eF47f23D62B48B2264C,10092,2146947
0x3942F7B55094250644cFfDa7160226Caa349A38E,10140,865656
0x812Ba41e071C7b7fA4EBcFB62dF5F45f6fA853Ee,10164,1272818
0xf2B2BBdC9975cF680324De62A30a31BC3AB8A4d5,10188,1992902
0xd9e1cE17f2641f24aE83637ab66a2cca9C378B9F,10248,1547949
0x4dfa7088727a8683DA8E56F83B615688dbE93ec7,10296,838720
0xF5e10380213880111522dd0efD3dbb45b9f62Bcc,10296,1936026
0x889edC2eDab5f40e902b864aD4d7AdE8E412F9B1,10392,2358204
0xeC4181eE959e47f72e9cC60274fBE53D68949e47,10428,739104
0xbeb0b0623f66bE8cE162EbDfA2ec543A522F4ea6,10494,1072578
0x28CA9CaAE31602D0312Ebf6466c9dD57FCA5da93,10524,2571462
0x57e114B691Db790C35207b2e685D4A43181e6061,10584,3656389
0x000000d40B595B94918a28b27d1e2C66F43A51d3,10596,2066981
0xE0D5E43fCAd1978A201E0194891fF54A806B2102,10644,1004201
0x43Ee0243eA8CF02f7087d8B16C8D2007CC9c7cA2,10656,875750
0x33b41fE18D3A39046ad672f8a0C8c415454F629c,10710,2078576
0xd0A61F2963622e992e6534bde4D52fd0a89F39E0,10710,881662
0xD1669Ac6044269b59Fa12c5822439F609Ca54F41,10740,2373933
0x6ed389Be164704D33F96E56E357894208e49b0cB,10752,2727113
0x9E0A538749A486bbF127F8848a6f2CF4e1e92DbD,10788,1469075
0x40A50cf069e992AA4536211B23F286eF88752187,10800,2533200
0x4e7414e88b08c5E6dF0e553CE9D6941a243dF945,10854,692484
0xA5951847C23F07a5C89825b7Fdc660a06af9c7D5,10908,1681587
0xA2b4C0Af19cC16a6CfAcCe81F192B024d625817D,10920,888628
0xb3999F658C0391d94A37f7FF328F3feC942BcADC,10920,1921482
0x591A415D20f9fB9569f2D7fED57fd65971d1FcB8,10962,2493388
0x6b8aD17795d89B283e6D0362A87A403f3544bb9d,10962,1720981
0x0F359FD18BDa75e9c49bC027E7da59a4b01BF32a,10986,507836
0xA8C1C98aAF99A5DfC907d61b892b2aD624901185,11082,6383608
0x7420B4b9a0110cdC71fB720908340C03F9Bc03EC,11088,2524483
0xc1967f5383B85a0508c0D816B6f2CAb2D79d6687,11130,1053387
0x18B19EdB120300ea1B05964C785692bca89a4Bfc,11172,948520
0xFA103c21ea2DF71DFb92B0652F8B1D795e51cdEf,11172,2141401
0x4313C378Cc91eA583C91387B9216e2c03096b27f,11196,2374728
0x870679E138bCdf293b7Ff14dD44b70FC97e12fc0,11202,4029986
0xdA9c657D8e3f2Cb92cE71855A328D8A7aFFb557F,11412,3792110
0x48727018D010Dc2e414C5A14D588385Ae112869e,11430,658639
0x9Da9571389BA2316ad98f695210aD5fB0363cDEd,11466,940136
0x5f65f7b609678448494De4C87521CdF6cEf1e932,11502,2271523
0xD2eE2776F34Ef4E7325745b06E6d464b08D4be0E,11502,1694834
0x817648d73Fd85c802cfdE8a29Eba9F68b783cA60,11526,1110620
0x0Ec68c5B10F21EFFb74f2A5C61DFe6b08C0Db6Cb,11544,3075775
0xcbB7C0000aB88B473b1f5aFd9ef808440eed33Bf,11592,2394308
0xF30Cf4ed712D3734161fDAab5B1DBb49Fd2D0E5c,11598,1157717
0x0eae044f00B0aF300500F090eA00027097d03000,11610,1699872
0x4e59541306910aD6dC1daC0AC9dFB29bD9F15c67,11634,1470585
0xE0f63A424a4439cBE457D80E4f4b51aD25b2c56C,11676,3392236
0x958713B08536Ba87165002b167e3911787f083Be,11802,2140462
0xAB13B8eecf5AA2460841d75da5d5D861fD5B8A39,11844,2584907
0xa397a8C2086C554B531c02E29f3291c9704B00c7,12012,1502143
0x80C898ae5e56f888365E235CeB8CEa3EB726CB58,12084,1177292
0x0000000000000000000000000000000000000000,12090,75642348
0xaABd41D0B3af67273310A9a989980715E3129A56,12096,1223424
0x4a220E6096B25EADb88358cb44068A3248254675,12306,2364671
0x02f3d3912F8Bd97c4791970aa4cf96DeDD05772c,12384,968563
0x2a3DD3EB832aF982ec71669E178424b10Dca2EDe,12402,453120
0xD733e545C65d539f588d7c3793147B497403F0d2,12432,2628062
0x76A0e27618462bDAC7a29104bdcfFf4E6BFCea2D,12474,4880229
0xB15cC00bF36B9Fc8c3a5792E274D78478EE3acA5,12474,869572
0x5DB5235b5C7e247488784986e58019fFFd98FdA4,12552,1399032
0x8b26BAC64dea46d10B1BE4cCCBd67a8bC4EC534A,12600,3424921
0xB81965DdFdDA3923f292a47A1be83ba3A36B5133,12648,1669558
0xae7ab96520DE3A18E5e111B5EaAb095312D7fE84,12684,4486668
0xb131f4A55907B10d1F0A50d8ab8FA09EC342cd74,12684,4943192
0xEF0B56692F78A44CF4034b07F80204757c31Bcc9,12690,1578923
0x00000000Ede6d8D217c60f93191C060747324bca,12702,1577402
0x8E7C73aF21F655Ee29E1DEDf51A0c66C3021358b,12774,930115
0x851adf160EFBb6fe964fF18f0B2bFCd6C14d9a35,12948,1830515
0xA464e6DCda8AC41e03616F95f4BC98a13b8922Dc,12954,956089
0xE53289F32c8E690b7173aA33affE9B6B0CB0012F,13056,1545808
0x4CE44211c383595b11eB1f28411Ebc3f98289452,13212,1772280
0x4eE879f39Cce3C4CA80E2ee90F9Df5aFEEaeb220,13272,2828537
0xC14d550632db8592D1243Edc8B95b0Ad06703867,13272,2164562
0x609c690e8F7D68a59885c9132e812eEbDaAf0c9e,13320,1975259
0x72aDE8FD2De8C6A7DE741537E5860380EDDC002B,13440,4060555
0x27238B76965387F5628496D1e4D2722b663d2698,13476,8297359
0xda3bD1fE1973470312db04551B65f401Bc8a92fD,13488,1256527
0x52C1cC79fbBeF91D3952Ae75b1961D08F0172223,13524,1838336
0x1f0dF950095269C602eAa46D91E664e7C2B3770F,13662,1769570
0x89A99a0A17D37419F99cF8dC5fFa578F3cdB58b5,13680,2032004
0x098874056f7C3B6E7fB20DCAB34553Cb06Dc12a7,13824,2654976
0x697c54a84D83F37380d034e2BfC6F7cE8d89F4Ee,13902,1696441
0xE8c060F8052E07423f71D445277c61AC5138A2e5,13938,2662213
0x49048044D57e1C92A77f79988d21Fa8fAF74E97e,13962,3009601
0x9D6b911199b891c55a93e4bC635BF59E33d002d8,13974,2186715
0x24EF0ccaF8F3B4671FcE82005023E85120f6c026,14070,2714516
0x1aAb634786dACAD71CF9Ea0685Fbf421902C1498,14364,1629772
0x5efc9D10E42FB517456f4ac41EB5e2eBe42C8918,14364,2248207
0x291D6a9Eefaa53581f33E8f0824Ac8B05f22EaD9,14406,1810144
0x153CdDD727e407Cb951f728F24bEB9A5FaaA8512,14556,1918911
0x79056e21502BbD62918D12ccbB5D6653439Ba207,14562,1012849
0xf4F748D45E03a70a9473394B28c3C7b5572DfA82,14580,966777
0x8B89F876cF4a91ef36770bD3F93bC55edb7df31F,14586,3003142
0x6Db24Ee656843E3fE03eb8762a54D86186bA6B64,14700,1384181
0xFc27CD13b432805F47c90A16646d402566BD3143,14700,3144211
0x911d4bd34FDa6D1D7808a116337B0b8050b2842e,14814,1447262
0x817F426B5a79599464488eCCf82c3F54b9330E15,14826,1590170
0x6eD05bAa904df3DE117EcFa638d4CB84e1B8A00C,14838,843469
0x3154Cf16ccdb4C6d922629664174b904d80F2C35,14844,12898334
0x71a41517Fe65890fE835d67fce17a9747112696C,14898,1857645
0xbFe40e00C6B0D0052912eCD2FA17909C756E9f52,14898,1750749
0xe1C14B9F065deAd2E89eE35382F8bd42bdB87a04,14976,1419034
0x3432B6A60D23Ca0dFCa7761B7ab56459D9C964D0,14994,1904410
0x576e2BeD8F7b46D34016198911Cdf9886f78bea7,15036,3879396
0x234F7b256c1A05dD6FD1340ADdf565c6404a2A3E,15066,1678741
0x5DDf30555EE9545c8982626B7E3B6F70e5c2635f,15252,2927427
0x777034fEF3CCBed74536Ea1002faec9620deAe0A,15306,1906577
0x589dEDbD617e0CBcB916A9223F4d1300c294236b,15444,2551341
0x4C1746A800D224393fE2470C70A35717eD4eA5F1,15498,5896182
0x4f30A9D41B80ecC5B94306AB4364951AE3170210,15510,1658341
0x0e3286f92622a731dD4a37e9d91c371721aD4B7D,15624,3397797
0xD523794C879D9eC028960a231F866758e405bE34,15678,6742056
0x1b6257CAE4192e62B629eFCa21771be3D759183D,15702,1547055
0xa1E2481a9CD0Cb0447EeB1cbc26F1b3fff3bec20,15738,2499245
0x01d1f55d94a53a9517c07f793f35320FAA0D2DCf,15792,1908710
0x6352a56caadC4F1E25CD6c75970Fa768A3304e64,15828,2552129
0x441423D1dAAc81371937C19f67c366b6c11Fc910,15912,2785380
0xBA12222222228d8Ba445958a75a0704d566BF2C8,16002,2970231
0x7fa9F82F5F89dD81B86284938A395E7fC976c253,16038,788716
0x7D1AfA7B718fb893dB30A3aBc0Cfc608AaCfeBB0,16044,4608517
0xf211B655431c10E72C1CAeae37688Ae9f7F7A549,16128,2036137
0x672335B91b4f2096D897cA1B12Ef4ec9346A5ff4,16230,1238928
0x1E60f4eB916902B754E35a4A2Ee887d7983a8389,16422,5064642
0x5B5A0580bcfd3673820Bb249514234aFAD33e209,16464,2298398
0xF944e35f95E819E752f3cCB5Faf40957d311e8c5,16464,5375292
0x0B9857ae2D4A3DBe74ffE1d7DF045bb7F96E4840,16554,1760290
0xaaeE1A9723aaDB7afA2810263653A34bA2C21C7a,16632,2800739
0x2aCA0C7ED4d5EB4a2116A3bc060A2F264a343357,16716,2089414
0xD8e11826e82619bf49C58c05F26C8e00B0B64eA4,16758,1916277
0x87bE3fC3EdFE10cB8ce1244D6a1969fC55F9f83c,16926,2115641
0xDC8F4b8B06804d2dBe318539b5c40A3fab43E0A4,16968,4315900
0x6B0FaCA7bA905a86F221CEb5CA404f605e5b3131,17178,3563873
0x00000000A991C429eE2Ec6df19d40fe0c80088B8,17340,2986002
0xd03c7dFB28983067f5aCd43D0B983A287014eD2D,17454,3161295
0xD56e4eAb23cb81f43168F9F45211Eb027b9aC7cc,17496,2290278
0x42E213a3ad048e899B89ea8CB11d21bc97b84748,17646,2106001
0x226bb599a12C826476e3A771454697EA52E9E220,17724,1963515
0x9F10D706D789e4c76A1a6434cd1A9841c875C0A6,17802,2782862
0xCafd2f0A35A4459fA40C0517e17e6fA2939441CA,17976,2023714
0x3073f7aAA4DB83f95e9FFf17424F71D4751a3073,18018,7056340
0x24902AA0cf0000a08c0EA0b003B0c0bF600000E0,18048,2479841
0x62De59c08eB5dAE4b7E6F7a8cAd3006d6965ec16,18132,1837814
0x5FDCCA53617f4d2b9134B29090C87D01058e27e9,18234,1094771
0x4cb69FaE7e7Af841e44E1A1c30Af640739378bb2,18276,2275602
0xf94e7d0710709388bCe3161C32B4eEA56d3f91CC,18312,2322912
0x308C3F1c73b624AA8534158B0a4D6a34ACaF5b2d,18396,1837188
0x75cC0C0DDD2Ccafe6EC415bE686267588011E36A,18450,2179101
0xC128468b7Ce63eA702C1f104D55A2566b13D3ABD,18522,570936
0x0a992d191DEeC32aFe36203Ad87D7d289a738F81,18600,3740445
0xEf1c6E67703c7BD7107eed8303Fbe6EC2554BF6B,18636,2182865
0x384e3AE4D5efC9471201039b555EAe496b2A7240,18666,4601416
0xF9D64d54D32EE2BDceAAbFA60C4C438E224427d0,18714,4116086
0x5f9Ecf757137d5Ef4330aB72d18163c2f221befD,18816,3927333
0xaea46A60368A7bD060eec7DF8CBa43b7EF41Ad85,18858,4901364
0x1929347E025D4F5F8D6B2Bd2261e2f4EfcAcd215,18900,1519691
0x6d6BcAC2266468a44Da9fa482CA54AAED586E1e7,19074,903744
0x77EDAE6A5f332605720688C7Fda7476476e8f83f,19164,3964937
0x5079FC00f00F30000E0c8C083801cFdE000008b6,19320,3165680
0x58D32678F3B0fF0067c56eb13029083041A65fdA,19404,3445436
0x06a9Ab27c7e2255df1815E6CC0168d7755Feb19a,19416,4274973
0x111cFf45948819988857BBF1966A0399e0D1141e,19416,3050564
0x94F001f4F47fBC14DfDafFC8a66364Db08a6e960,19422,3199430
0x211E1c4c7f1bF5351Ac850Ed10FD68CFfCF6c21b,19434,5964538
0x4955f6641bf9C8C163604c321f4B36E988698f75,19530,5738139
0xadd39272E83895E7d3f244f696B7a25635F34234,19572,7601494
0xEd04915c23f00A313a544955524EB7DBD823143d,19740,4963626
0x000000000035B5e5ad9019092C665357240f594e,19800,3157551
0x64192819Ac13Ef72bF6b5AE239AC672B43a9AF08,19890,3167266
0xA434D495249abE33E031Fe71a969B81f3c07950D,19950,3995027
0x535E01F948458E0b64F9dB2A01Da6F32E240140f,20004,884705
0xeFA3fa8e85D2b3CfdB250CdeA156c2c6C90628F5,20160,3011076
0x21468e63abF3783020750F7b2e57d4B34aFAfba6,20256,3781162
0xD03a6771b64E9A759523af3a89Fc982b2dd38591,20340,4040286
0x4601cD8C568C92f9309B77086dfdA3eCc58DFD82,20412,5159346
0x7F63D38664F0Da487e0fd5B30b6919a1146f0Aed,20484,1616093
0xcf0C122c6b73ff809C693DB761e7BaeBe62b6a2E,20622,3328111
0xB685760EBD368a891F27ae547391F4E2A289895b,21168,3856294
0x1522900B6daFac587d499a862861C0869Be6E428,21204,3747955
0x410b72CcfeAcBB20a31785eDAA358D25a07e143D,21204,2442775
0xec53bF9167f50cDEB3Ae105f56099aaaB9061F83,21252,5831082
0x00000070ee937917c1d9bD91729ce1Dd9A77d8e3,21318,2057576
0x72a19342e8F1838460eBFCCEf09F6585e32db86E,21480,1317496
0x1f9840a85d5aF5bf1D1762F925BDADdC4201F984,21756,4634338
0xbD216513d74C8cf14cf4747E6AaA6420FF64ee9e,21786,4264043
0x2260FAC5E5542a773Aa44fBCfeDf7C193bc2C599,21966,5618332
0xd48212891302DEaDC84c977c975ec165CDA02264,22050,1944105
0x24179CD81c9e782A4096035f7eC97fB8B783e007,22080,1209869
0xd63070114470f685b75B74D60EEc7c1113d33a3D,22104,943406
0xf7134CE138832c1456F2a91D64621eE90c2bddEa,22122,2718507
0xC2c862322E9c97D6244a3506655DA95F05246Fd8,22224,2374468
0x864BaA13E01d8f9E26549dc91B458CD15E34EB7c,22440,11563555
0x05c45C965A96Af8B846Cc3025066d5680F31ca52,22488,3399242
0x5523985926Aa12BA58DC5Ad00DDca99678D7227E,22668,3156530
0x0B8a49d816Cc709B6Eadb09498030AE3416b66Dc,22674,5144826
0x9aaaAB7110331c5a51751aa7D4018F3Bd05Bb66d,22686,2876687
0x1b81D678ffb9C0263b24A97847620C99d213eB14,22812,3433703
0x360E051A25ca6DecD2f0e91ea4c179a96C0E565e,23328,4052827
0xa1e7BC1C6a45e79cE039Befa75De1b3d2B281E56,23520,6106963
0xa195608C2306A26f727d5199D5A382a4508308DA,23754,1612018
0x70638b5E65CB0413361457D9D52aC5b58D846b19,23832,1513800
0x27c9B34eB43523447d3e1bcf26f009D814522687,24138,3329939
0x8FafAE7Dd957044088b3d0F67359C327c6200d18,24282,3969948
0xB7033427b104CdDa29B907fD02A7B83A2ebdb2Ef,24570,6092634
0x0000000071727De22E5E9d8BAf0edAc6f37da032,24660,3041034
0x2A256306D8ba899E33B01e495982656884Ac77FF,24744,2476182
0x73a8a6F5d9762EA5f1de193eC19CdF476C7e86b1,24780,5143547
0x39053D51B77DC0d36036Fc1fCc8Cb819df8Ef37A,24966,4400373
0x7f5620c13b1644b4244114B465fA71Bd95F1d8Dc,25512,9507234
0x4F4495243837681061C4743b74B3eEdf548D56A5,25680,6313696
0xEA8cf32e4aC03ACaB2BabB9028Bac5c853e0Ce80,25686,4324325
0x1c479675ad559DC151F6Ec7ed3FbF8ceE79582B6,25704,8728407
0xd1d2Eb1B1e90B638588728b4130137D262C87cae,25788,5471322
0xB803b0E5E7457B135085E896FD7A3398b266cd43,26040,2203647
0xEe14D52f7544f84748EeA641b9B616Bd65aAb073,26040,3172264
0x5c9321e92Ba4eb43f2901c4952358e132163a85A,26340,4222796
0x00000011F84B9aa48e5f8aA8B9897600006289Be,26358,1979535
0xA1BEa5fe917450041748Dbbbe7E9AC57A4bBEBaB,26544,3838490
0xA0c68C638235ee32657e8f720a23ceC1bFc77C77,26904,3387136
0xADC0A53095A0af87F3aa29FE0715B5c28016364e,27150,3038792
0x55296f69f40Ea6d20E478533C15A6B08B654E758,27216,2760098
0xF18f923480dC144326e6C65d4F3D47Aa459bb41C,27240,5985555
0x9b9C3Ec4fee4a731A791019f864A839f82BB56DD,27270,2233528
0x75aB076A00d76478e5fCc21Cfd95113802f06D23,27396,4762126
0x4e5846858C8Da2149b7185F0569121632270aAE8,27426,8306064
0xDe44500b5d1479DF5C003bf48915b3E24Df3e8dD,27864,4693561
0x9b93e47b7F61ad1358Bd47Cd01206708E85AE5eD,28014,1731315
0x6D1D1ebe7dA598194293784252659e862d55b52c,28140,4280454
0xc944E90C64B2c07662A292be6244BDf05Cda44a7,28140,6310393
0xe66B31678d6C16E9ebf358268a790B763C133750,28236,2404796
0xb9069EF582031fe646739D8c01F92f008652bCc8,28440,2839864
0x2CEf90fb104281bd4e4733707682EfDcA5E80203,28638,1561267
0xeF4fB24aD0916217251F553c0596F8Edc630EB66,28656,8083293
0x77b2043768d28E9C9aB44E1aBfC95944bcE57931,28776,4861399
0x99B1817acb40E76C309e26B2Face9da9EFf55317,28926,4263019
0xD37BbE5744D730a1d98d8DC97c42F0Ca46aD7146,29190,5070525
0x7AE91B984DA4795D9FD88419D051d0842f8d3677,29322,4312581
0xa364AFa0696ca0f0C75Ba068c436346D815a5998,29454,1347376
0x39da41747a83aeE658334415666f3EF92DD0D541,29820,3094755
0xa59BA433ac34D2927232918Ef5B2eaAfcF130BA5,29820,4875388
0x5B93D80DA1a359340d1F339FB574bDC56763f995,29826,3742985
0x70bf6634eE8Cb27D04478f184b9b8BB13E5f4710,30198,4342826
0x74E2B8EEe3EA8f4639b81e1e9B230cc9c06E5F6A,30720,2953390
0xB517850510997a34b4DdC8c3797B4F83fAd510c4,31152,4589967
0x77A917df7A084b7B3E43517Ae28373C2a5492625,31404,4426843
0x3962f6585946823440d274aD7C719B02b49DE51E,31668,2291145
0x80226fc0Ee2b096224EeAc085Bb9a8cba1146f7D,31668,3777602
0x1fF7d7C0A7D8E94046708C611DeC5056A9d2B823,31710,2475401
0x303a465B659cBB0ab36eE643eA362c509EEb5213,31914,11106830
0xD437bF4fB191C34b1A2a0Eba7F53A83b561AE2AB,32256,1988628
0x62496bDF47De3c07e12F84a20681426AbCC618e2,32364,2684213
0x1247dF85367d817E37b68Ff954346B3cd6E36A7C,32412,1100644
0xa13BAF47339d63B743e7Da8741db5456DAc1E556,32430,5179254
0xD7f9f54194C633F36CCD5F3da84ad4a1c38cB2cB,33108,3546613
0x1715a3E4A142d8b698131108995174F37aEBA10D,33234,3571627
0x98C3d3183C4b8A650614ad179A1a98be0a8d6B8E,34056,7509456
0x4fFAC630C56E41135a7B1F892d3AF8061DF3620d,34062,3553045
0xd91eFec7E42f80156d1D9f660a69847188950747,34104,4924960
0x0654874eb7F59C6f5b39931FC45dC45337c967c3,34332,6177229
0x82A8fC68873EF9085f9f4d9EA591C9D75564fb51,34452,1419652
0x0a61c2146A7800bdC278833F21EBf56Cd660EE2a,34614,2442663
0x6c3ea9036406852006290770BEdFcAbA0e23A0e8,34776,8955946
0xEc6FC9be2d5e505b40A2DF8B0622cD25333823db,35172,8546055
0xc5d5B9F30AA674aA210a0ec24941bAd7D8b42069,35382,6005614
0x33636D49FbefBE798e15e7F356E8DBef543CC708,35394,3667553
0xA9f9bF2b643348c0884f2eBA4F712E833DA9a2b8,35604,7220049
0xE08D97e151473A848C3d9CA3f323Cb720472D015,35748,5035737
0x2aa101BF99CaeF7fc1355D4c493a1fe187A007cE,36168,7368907
0x7Fc66500c84A76Ad7e9c93437bFc5Ac33E2DDaE9,36540,7476240
0xFbE0c54d696Fa6c93f35D4CA7D656561816C15F6,36552,6131743
0x6593c7De001fC8542bB1703532EE1E5aA0D458fD,36984,5764272
0x3d93B9e8F0886358570646dAd9421564C5fE6334,37086,2829676
0xe22D09c86155423D58352e2298865f527595E171,37548,5728505
0xE0e83f21D5B6Da61c9cF75d3b89FBCacfbFde327,38082,2063458
0x2e57627ACf6c1812F99e274d0ac61B786c19E74f,38436,3286652
0xC3D0D54aFf5209118aED32253cC8EC5f417d6B9C,38694,1993798
0xBcb4E4BCc41aB1494A3eb3456ed4Edb8dA5D46E4,39126,5959303
0x9A2Af0AbB12bee5369B180976Be01E8c80D0e7B6,39144,1239107
0x7ED439D2d363864885D2ea27D50ACCbF9F7318e6,39906,10015677
0x92D6C1e31e14520e676a687F0a93788B716BEff5,40152,4836597
0x4FA98B4640D73991007E109C41814310431aDa58,40242,9275227
0x7750d328b314EfFa365A0402CcfD489B80B0adda,40278,3807708
0xF411903cbC70a74d22900a5DE66A2dda66507255,40320,5856154
0x00000688768803Bbd44095770895ad27ad6b0d95,40374,16800016
0x44087E105137a5095c008AaB6a6530182821F2F0,41160,5128748
0x6d6620eFa72948C5f68A3C8646d58C00d3f4A980,41754,5921000
0x04Ce218ead72401702DD5f3E56cEDb7D2d477777,41850,5892378
0x8E0268c0C8c45691E4C62fDf8F440A47DD8a5E3f,42378,7526064
0x6B175474E89094C44Da98b954EedeAC495271d0F,42462,8304230
0xDc300854B0EF52650057158E8a33AFE703525539,42588,6187224
0xF403C135812408BFbE8713b5A23a04b3D48AAE31,42882,2543613
0x30a4aa1d14D44f0f5BFe887447AB6FAcc94A549F,43542,5136442
0x4eE9775Db5c1e73EA170678C109Ef079b2Ad4811,43674,5279694
0x0dE8bf93dA2f7eecb3d9169422413A9bef4ef628,43818,8712305
0xD0D87996796A900befebd9DC31d05323FC174d4F,43848,3837469
0x22A956C4755d8C4294b358dC346E74250E175622,43878,5232426
0x00c83aeCC790e8a4453e5dD3B0B4b3680501a7A7,44496,9455307
0x5A98FcBEA516Cf06857215779Fd812CA3beF1B32,45096,5131227
0x22863c875e6b7519141CB8394f2220FAC7e6Ade6,45192,4184173
0x35bb522b102326ea3F1141661dF4626C87000e3E,45834,4483953
0x902F09715B6303d4173037652FA7377e5b98089E,47184,5756843
0x45118b56D5066A6352D78D15f795CFab33C4DEF3,47472,14513699
0x5dC62cea20B0E7c3607aDCc61a885Ff9369dbc60,47934,8931632
0x004395edb43EFca9885CEdad51EC9fAf93Bd34ac,48462,5391673
0x4Ab12E7CE31857Ee022f273e8580F73335a73c0B,48468,5012549
0xF9e037dCF792BA8c4a0cA570EAC7CbCbAFabD9D4,48726,9025466
0xcA11bde05977b3631167028862bE2a173976CA11,49908,8913946
0x45312ea0eFf7E09C83CBE249fa1d7598c4C8cd4e,50934,10178258
0x3ee18B2214AFF97000D974cf647E7C347E8fa585,51114,15445652
0x767AF52d988D1241A346851a1B39cCd11357376E,51276,7638797
0x15392211222B46A0eA85a9A800830486D144848D,52590,6712336
0xC02aaA39b223FE8D0A0e5C4F27eAD9083C756Cc2,53844,27567724
0xde4EE8057785A7e8e800Db58F9784845A5C2Cbd6,54936,2913154
0xd8DaA686DE90bF52225628E238B7B392FA1c4744,55308,5839018
0x23445c63FeEf8D85956dc0f19aDe87606D0e19A9,55548,9053309
0x477aB4E27E002d1Fd6221513e6dA2Dc78e901225,55818,2979879
0x12D737470fB3ec6C3DeEC9b518100Bec9D520144,57150,5540213
0xA3222357a0eCCF60C73606170be6c99ADeCb59b3,57582,6586214
0xE7351Fd770A37282b91D153Ee690B63579D6dd7f,58194,12376772
0x8AC4ae65b3656e26dC4e0e69108B392283350f55,58320,7171656
0x8F152FEAA99eb6656F902E94BD4E7bCf563D4A43,58662,12068330
0x48EC5560bFD59b95859965cCE48cC244CFDF6b0c,59586,25518308
0x6719C6EbF80d6499Ca9ce170CDa72bEb3f1d1A54,61236,10502202
0x1FA57f879417e029Ef57D7Ce915b0aA56A507C31,61890,5763569
0x43Ee35d5542F5B826fa92832bD97CAFF153675A8,62046,5342856
0x22cE84A7F86662b78E49C6ec9E51D60FddE7b70A,62094,10185934
0x65c8F5C0dab4d7e6911B602BA08c22460EDD54E4,62124,12180460
0xD3E7444d5DB4dDF0F9A1B52d62367C339B7bE8A9,62748,3694914
0xD24Fd3721DDCE82595FB737B55f1c5272bcb0413,62790,14948290
0x07c78007DdcFFA630fD908a815165e5B0Af0C4F2,63102,6738632
0xA9048585166f4F7c4589ADe19567bB538035ED36,63744,11333244
0x738e79fBC9010521763944ddF13aAD7f61502221,64860,12939120
0x7176f0F071379FeE51668Eb6387ddA9129E5CA6B,65670,15082244
0xb965602E41Af7A92B3F4b48729736Aded9C94E47,66036,13573278
0xA2FaAAC9120c1Ff75814F0c6DdB119496a12eEA6,66210,2239487
0x640cB7201810BC920835A598248c4fe4898Bb5e0,67086,6400799
0x6D7A3177f3500BEA64914642a49D0B5C0a7Dae6D,67602,6391554
0xd1cd5251DA82721941AD2A8f009fb62e72E05e76,67722,13232526
0x3335733c454805df6a77f825f266e136FB4a3333,68736,9423610
0xBBBB2D4d765c1e455E4896A64BA3883e914ABBBB,69132,3492622
0x836951EB21F3Df98273517B7249dCEFF270d34bf,69594,8094646
0x5132A183E9F3CB7C848b0AAC5Ae0c4f0491B7aB2,69930,5616219
0x4Fed5e80294C958f3CeEA7dF8E77fCBECd8A5545,70056,10236969
0xb8901acB165ed027E32754E0FFe830802919727f,71328,8653371
0x00000047bB99ea4D791bb749D970DE71EE0b1A34,71544,9273751
0x81463B0f960f247f704377661ec81C1fd65b5128,74022,12454746
0xd0764FAe29E0a6a96fF685f71CfC685456D5636c,74214,10149643
0x519E42c24163192Dca44CD3fBDCEBF6be9130987,74238,4654798
0x759894Ced0e6af42c26668076Ffa84d02E3CeF60,74682,10133629
0x95aD61b0a150d79219dCF64E1E6Cc01f0B64C4cE,75516,19926048
0xAEB0c00D0125A8a788956ade4f4F12Ead9f65DDf,76512,5493610
0x604e586F17cE106B64185A7a0d2c1Da5bAce711E,77352,6828775
0x5050e08626c499411B5D0E0b5AF0E83d3fD82EDF,77484,16643748
0xfF20817765cB7f73d4bde2e66e067E58D11095C2,80502,5103217
0xA2cd3D43c775978A96BdBf12d733D5A1ED94fb18,81144,15856019
0x86E4Dc95c7FBdBf52e33D563BbDB00823894C287,82848,13294674
0x3A10dC1A145dA500d5Fba38b9EC49C8ff11a981F,83184,11478980
0x225a38bc71102999Dd13478BFaBD7c4d53f2DC17,83232,5428829
0x514910771AF9Ca656af840dff83E8264EcF986CA,83580,19841732
0xCf5540fFFCdC3d510B18bFcA6d2b9987b0772559,84324,13227415
0xa9502665b39b0e61F2CbbFfAD139688615fB16F6,85218,13341323
0xfa86aa141e45da5183B42792d99Dede3D26Ec515,85464,8607411
0x6131B5fae19EA4f9D964eAc0408E4408b66337b5,87954,13338172
0xEfd2247fcC3C7aA1FCbE1d2b81e6d0164583eeA3,89154,24313801
0x2F50D538606Fa9EDD2B11E2446BEb18C9D5846bB,90276,3184983
0xf2614A233c7C3e7f08b1F887Ba133a13f1eb2c55,92232,12483495
0xfAbA6f8e4a5E8Ab82F62fe7C39859FA577269BE3,93744,16484740
0x828AE1566824A9835Acb6F565E1E9eA22BfB883A,94050,13810557
0x8CC51c532f5A71210D19d87D3d8a1E6F50AD583c,96822,24596321
0xc02Ab410f0734EFa3F14628780e6e695156024C2,97266,6709548
0xD1ca1F4dBB645710f5D5a9917AA984a47524f49A,98028,11926938
0xBC0663ef63ADD180609944c58BA7D4851890cA45,98934,15048959
0x00000000009726632680FB29d3F7A9734E3010E2,103530,11950595
0x6982508145454Ce325dDbE47a25d4ec3d2311933,103950,26070961
0x03f34bE1BF910116595dB1b11E9d1B2cA5D59659,104544,10205705
0x79Ce8f93063f8BE4573a58F250b003859eBb7a24,107976,7591311
0xce16F69375520ab01377ce7B88f5BA8C48F8D666,108672,7283479
0x3618f6E946139aA656C155529C2CD56727961bB6,111648,3820555
0x31D70B48F653D487981076F02beCFBb8f46daf3f,113784,35014810
0xD152f549545093347A162Dce210e7293f1452150,114492,14161948
0xBdbA16270EA4D6EDAF4F866Afa0Fa395c9929Fd0,115500,8696395
0x9a15bB3a8FEc8d0d810691BAFE36f6e5d42360F7,116424,40967310
0xfbEedCFe378866DaB6abbaFd8B2986F5C1768737,117738,17526252
0xE592427A0AEce92De3Edee1F18E0157C05861564,118566,18139355
0x7EC6F45093d830A1867D8562b3cD5b090FAf059f,121506,14764910
0x78FE5B15685555EC0972272B826Cd8E7FF8790B2,122604,9368012
0x2401c39d7ba9E283668a53fcC7B8F5FD9e716fdf,124416,14580950
0x252152A38b9A8D16f08B78574664F7D3f32e3De1,124938,2086676
0xaC2Ea402314c50987478aBAFB2922DfBe3560C22,127356,27214631
0xad3b67BCA8935Cb510C8D18bD45F0b94F54A968f,132360,13956792
0x173272739Bd7Aa6e4e214714048a9fE699453059,132822,12909805
0xFc99f58A8974A4bc36e60E2d490Bb8D72899ee9f,134130,21743202
0xe6b1DE575e7e610889ea21024834e120f92033a3,141288,15005981
0xfaf17849fb05a11a4E233f221bAc99CA43Fc83f8,143454,16301668
0x68b3465833fb72A70ecDF485E0e4C7bD8665Fc45,144384,20531432
0x6A000F20005980200259B80c5102003040001068,145254,17638170
0x4095F064B8d3c3548A3bebfd0Bbfd04750E30077,151794,13027784
0x29469395eAf6f95920E59F858042f0e28D98a20B,154266,19562740
0x66a0f676479Cee1d7373f3DC2e2952778BfF5bd6,157044,9276799
0x69460570c93f9DE5E2edbC3052bf10125f0Ca22d,158298,20946236
0x87870Bca3F3fD6335C3F4ce8392D69350B4fA4E2,169074,29403769
0x015f69a55666e89E0b73fAA7a33A2a36D22463Dc,170622,13336703
0x000000fee13a103A10D593b9AE06b3e05F2E7E1c,179034,16448486
0x0439e60F02a8900a951603950d8D4527f400C3f1,180936,28769279
0x807cF9A772d5a3f9CeFBc1192e939D62f0D9bD38,181152,18350840
0xDEF171Fe48CF0115B1d80b88dc8eAB59176FEe57,191328,21364706
0xEff6cb8b614999d130E537751Ee99724D01aA167,195216,33293249
0x79f17234746344E0365D40be50d8d43DB9082c32,195678,4118100
0xb300000b72DEAEb607a12d5f54773D1C19c7028d,199782,28749657
0x253553366Da8546fC250F225fe3d25d0C782303b,205632,29152760
0x80a64c6D7f12C47B7c66c5B4E20E72bc1FCd5d9e,210192,29836829
0xC38e4e6A15593f908255214653d3D947CA1c2338,216156,109512390
0x0000000000c2d145a2526bD8C716263bFeBe1A72,219624,14370198
0xC36442b4a4522E871399CD717aBDD847Ab11FE88,256206,44055306
0xA2Fde9De6e6eBFE068d3eC0B515669817a9c3808,262140,36010717
0xF3dE3C0d654FDa23daD170f0f320a92172509127,268554,38751902
0xDef1C0ded9bec7F1a1670819833240f027b25EfF,293898,36350322
0x5D8ba173Dc6C3c90C8f7C04C9288BeF5FDbAd06E,299946,30033926
0x00000000009E50a7dDb7a7B0e2ee6604fd120E49,312900,49575080
0x5c7BCd6E7De5423a257D81B442095A1a6ced35C5,328266,66204703
0x888888888889758F76e7103c6CbF23ABbF58F946,328956,48703540
0xb2ecfE4E4D61f8790bbb9DE2D1259B9e2410CEA5,347142,27552263
0x68d30f47F19c07bCCEf4Ac7FAE2Dc12FCa3e0dC9,353754,61373026
0x663DC15D3C1aC63ff12E45Ab68FeA3F0a883C251,362172,42625926
0x3a23F943181408EAC424116Af7b7790c94Cb97a5,379182,53994993
0x5FF137D4b0FDCD49DcA30c7CF57E578a026d2789,381150,97772574
0x80EbA3855878739F4710233A8a19d89Bdd2ffB8E,386664,28059866
0x783251f103555068c1E9D755f69458f39eD937c0,388692,40547595
0x2b591e99afE9f32eAA6214f7B7629768c40Eeb39,396984,22643567
0x111111125421cA6dc452d289314280a0f8842A65,416574,61718552
0xd4bC53434C5e12cb41381A556c3c47e1a86e80E3,430266,55621178
0xA69babEF1cA67A37Ffaf7a485DfFF3382056e78C,469500,93091174
0x7D0CcAa3Fac1e5A943c5168b6CEd828691b46B36,495798,81345504
0x51C72848c68a965f66FA7a88855F9f7784502a7F,528126,98846750
0xf86082F6bf8BD9FFC02755f65FC3d7eC7d1A0ffc,570276,55349947
0x3328F7f4A1D1C57c35df56bBf0c9dCAFCA309C49,574188,106968552
0x0C8f71D19f87c0bD1b9baD2484EcC3388D5DbB98,588696,26362806
0x1f2F10D1C40777AE1Da742455c65828FF36Df387,670800,102420741
0xA9D1e08C7793af67e9d92fe308d5697FB81d3E43,721230,121336249
0x3c11F6265Ddec22f4d049Dde480615735f451646,737520,72192808
0x68d3A973E7272EB388022a5C6518d9b2a2e66fBf,784650,155693842
0x957292D4c5a559F34B21BFB8334F3dB491F595B5,826302,33772783
0x9008D19f58AAbD9eD0D60971565AA8510560ab41,975678,115163123
0x7a250d5630B4cF539739dF2C5dAcb4c659F2488D,1029936,155297860
0x0000000000000068F116a894984e2DB1123eB395,1077726,103484178
0x1231DEB6f5749EF6cE6943a275A1D3E7486F4EaE,1117464,201962777
0x1111111254EEB25477B68fb85Ed929f73A960582,1390110,191156989
0x881D40237659C251811CEC9c364ef91dC08D300C,1598202,201675106
0x7CFdeB2dEF0fa6810eDa0Ac17c2A4e2F9e12DB4F,2111046,430954386
0xA0b86991c6218b36c1d19D4a2e9Eb0cE3606eB48,2872530,392975602
0xdAC17F958D2ee523a2206206994597C13D831ec7,3148110,728581643
0x0000000000001fF3684f28c67538d4D072C22734,3563622,421146498
0x3fC91A3afd70395Cd496C647d5a6CC9D4B2b7FAD,5947818,672308283
